#
# A fatal error has been detected by the Java Runtime Environment:
#
#  EXCEPTION_ACCESS_VIOLATION (0xc0000005) at pc=0x00007ffa59b72ff6, pid=16404, tid=6540
#
# JRE version: Java(TM) SE Runtime Environment (17.0.12+8) (build 17.0.12+8-LTS-286)
# Java VM: Java HotSpot(TM) 64-Bit Server VM (17.0.12+8-LTS-286, mixed mode, sharing, tiered, compressed oops, compressed class ptrs, g1 gc, windows-amd64)
# Problematic frame:
# C  [ig75icd64.dll+0x1a2ff6]
#
# No core dump will be written. Minidumps are not enabled by default on client versions of Windows
#
# If you would like to submit a bug report, please visit:
#   https://bugreport.java.com/bugreport/crash.jsp
# The crash happened outside the Java Virtual Machine in native code.
# See problematic frame for where to report the bug.
#

---------------  S U M M A R Y ------------

Command Line: -Dstderr.encoding=UTF-8 -Dstdout.encoding=UTF-8 -XX:+UseG1GC -XX:-UseAdaptiveSizePolicy -XX:-OmitStackTraceInFastThrow -Djdk.lang.Process.allowAmbiguousCommands=true -Dfml.ignoreInvalidMinecraftCertificates=True -Dfml.ignorePatchDiscrepancies=True -Dlog4j2.formatMsgNoLookups=true -XX:HeapDumpPath=MojangTricksIntelDriversForPerformance_javaw.exe_minecraft.exe.heapdump -Djava.library.path=C:\Users\Administrator\Desktop\ctam\.minecraft\versions\jcy_mc\jcy_mc-natives -Djna.tmpdir=C:\Users\Administrator\Desktop\ctam\.minecraft\versions\jcy_mc\jcy_mc-natives -Dorg.lwjgl.system.SharedLibraryExtractPath=C:\Users\Administrator\Desktop\ctam\.minecraft\versions\jcy_mc\jcy_mc-natives -Dio.netty.native.workdir=C:\Users\Administrator\Desktop\ctam\.minecraft\versions\jcy_mc\jcy_mc-natives -Dminecraft.launcher.brand=PCLCE -Dminecraft.launcher.version=522 -Djava.net.preferIPv6Addresses=system -DignoreList=bootstraplauncher,securejarhandler,asm-commons,asm-util,asm-analysis,asm-tree,asm,JarJarFileSystems,client-extra,fmlcore,javafmllanguage,lowcodelanguage,mclanguage,forge-,jcy_mc.jar -DmergeModules=jna-5.10.0.jar,jna-platform-5.10.0.jar -DlibraryDirectory=C:\Users\Administrator\Desktop\ctam\.minecraft\libraries --module-path=C:\Users\Administrator\Desktop\ctam\.minecraft\libraries/cpw/mods/bootstraplauncher/1.1.2/bootstraplauncher-1.1.2.jar;C:\Users\Administrator\Desktop\ctam\.minecraft\libraries/cpw/mods/securejarhandler/2.1.10/securejarhandler-2.1.10.jar;C:\Users\Administrator\Desktop\ctam\.minecraft\libraries/org/ow2/asm/asm-commons/9.9.1/asm-commons-9.9.1.jar;C:\Users\Administrator\Desktop\ctam\.minecraft\libraries/org/ow2/asm/asm-util/9.9.1/asm-util-9.9.1.jar;C:\Users\Administrator\Desktop\ctam\.minecraft\libraries/org/ow2/asm/asm-analysis/9.9.1/asm-analysis-9.9.1.jar;C:\Users\Administrator\Desktop\ctam\.minecraft\libraries/org/ow2/asm/asm-tree/9.9.1/asm-tree-9.9.1.jar;C:\Users\Administrator\Desktop\ctam\.minecraft\libraries/org/ow2/asm/asm/9.9.1/asm-9.9.1.jar;C:\Users\Administrator\Desktop\ctam\.minecraft\libraries/net/minecraftforge/JarJarFileSystems/0.3.19/JarJarFileSystems-0.3.19.jar --add-modules=ALL-MODULE-PATH --add-opens=java.base/java.util.jar=cpw.mods.securejarhandler --add-opens=java.base/java.lang.invoke=cpw.mods.securejarhandler --add-exports=java.base/sun.security.util=cpw.mods.securejarhandler --add-exports=jdk.naming.dns/com.sun.jndi.dns=java.naming -Xmn460m -Xmx3072m cpw.mods.bootstraplauncher.BootstrapLauncher --username JCY_mc --version jcy_mc --gameDir C:\Users\Administrator\Desktop\ctam\.minecraft\versions\jcy_mc --assetsDir C:\Users\Administrator\Desktop\ctam\.minecraft\assets --assetIndex 5 --uuid 548a7f35fb4b3897bb84941d0fa9426a --accessToken 548a7f35fb4b3897bb84941d0fa9426a --clientId ${clientid} --xuid ${auth_xuid} --userType msa --versionType PCL_CE --width 854 --height 480 --launchTarget forgeclient --fml.forgeVersion 47.4.18 --fml.mcVersion 1.20.1 --fml.forgeGroup net.minecraftforge --fml.mcpVersion 20230612.114412

Host: Intel(R) Core(TM) i5-4460  CPU @ 3.20GHz, 4 cores, 7G,  Windows 10 , 64 bit Build 19041 (10.0.19041.5915)
Time: Tue Aug 11 18:00:46 2026  Windows 10 , 64 bit Build 19041 (10.0.19041.5915) elapsed time: 144.459135 seconds (0d 0h 2m 24s)

---------------  T H R E A D  ---------------

Current thread (0x000001d279effd40):  JavaThread "Render thread" [_thread_in_native, id=6540, stack(0x00000048a9900000,0x00000048a9a00000)]

Stack: [0x00000048a9900000,0x00000048a9a00000],  sp=0x00000048a99fdfa0,  free space=1015k
Native frames: (J=compiled Java code, j=interpreted, Vv=VM code, C=native code)
C  [ig75icd64.dll+0x1a2ff6]

Java frames: (J=compiled Java code, j=interpreted, Vv=VM code)
J 18199  org.lwjgl.opengl.GL30C.glBlitFramebuffer(IIIIIIIIII)V org.lwjgl.opengl@3.3.1+7 (0 bytes) @ 0x000001d1988b5f2d [0x000001d1988b5ea0+0x000000000000008d]
J 18198 c1 net.minecraftforge.fml.earlydisplay.EarlyFramebuffer.draw(II)V fmlearlydisplay@1.20.1-47.4.18 (252 bytes) @ 0x000001d191e92ba4 [0x000001d191e92840+0x0000000000000364]
J 16917 c1 net.minecraftforge.fml.earlydisplay.DisplayWindow.renderThreadFunc()V fmlearlydisplay@1.20.1-47.4.18 (286 bytes) @ 0x000001d191c688dc [0x000001d191c68600+0x00000000000002dc]
j  net.minecraftforge.fml.earlydisplay.DisplayWindow$$Lambda$5292+0x000001d1ac03bd70.run()V+4 fmlearlydisplay@1.20.1-47.4.18
J 23080 c1 net.minecraftforge.fml.earlydisplay.DisplayWindow.periodicTick()V fmlearlydisplay@1.20.1-47.4.18 (13 bytes) @ 0x000001d191303c6c [0x000001d191303b40+0x000000000000012c]
j  net.minecraftforge.fml.loading.ImmediateWindowHandler$Wrapper.periodicTick()V+4 fmlloader@1.20.1-47.4.18
j  org.sinytra.connector.service.ConnectorLoaderService$1.periodicTick()V+4 org.sinytra.connector@1.0.0-beta.48+1.20.1
j  net.minecraftforge.fml.loading.ImmediateWindowHandler.renderTick()V+3 fmlloader@1.20.1-47.4.18
j  net.minecraftforge.client.loading.ClientModLoader$$Lambda$5370+0x000001d1ac08a650.run()V+0 forge@47.4.18
j  net.minecraftforge.fml.ModWorkManager$DrivenExecutor.drive(Ljava/lang/Runnable;)V+10 fmlcore@1.20.1-47.4.18
j  net.minecraftforge.fml.ModLoader.waitForTransition(Lnet/minecraftforge/fml/IModLoadingState;Lnet/minecraftforge/fml/ModWorkManager$DrivenExecutor;Ljava/lang/Runnable;Ljava/util/concurrent/CompletableFuture;)V+10 fmlcore@1.20.1-47.4.18
j  net.minecraftforge.fml.ModLoader.lambda$dispatchAndHandleError$20(Lnet/minecraftforge/fml/IModLoadingState;Lnet/minecraftforge/fml/ModWorkManager$DrivenExecutor;Ljava/lang/Runnable;Ljava/util/concurrent/CompletableFuture;)V+6 fmlcore@1.20.1-47.4.18
j  net.minecraftforge.fml.ModLoader$$Lambda$5422+0x000001d1ac0ae0a8.accept(Ljava/lang/Object;)V+20 fmlcore@1.20.1-47.4.18
J 13275 c1 java.util.Optional.ifPresent(Ljava/util/function/Consumer;)V java.base@17.0.12 (18 bytes) @ 0x000001d19194d80c [0x000001d19194d6c0+0x000000000000014c]
j  net.minecraftforge.fml.ModLoader.dispatchAndHandleError(Lnet/minecraftforge/fml/IModLoadingState;Lnet/minecraftforge/fml/ModWorkManager$DrivenExecutor;Ljava/util/concurrent/Executor;Ljava/lang/Runnable;Lnet/minecraftforge/fml/loading/progress/ProgressMeter;)V+81 fmlcore@1.20.1-47.4.18
j  net.minecraftforge.fml.ModLoader.lambda$gatherAndInitializeMods$13(Lnet/minecraftforge/fml/ModWorkManager$DrivenExecutor;Ljava/util/concurrent/Executor;Ljava/lang/Runnable;Lnet/minecraftforge/fml/loading/progress/ProgressMeter;Lnet/minecraftforge/fml/IModLoadingState;)V+8 fmlcore@1.20.1-47.4.18
j  net.minecraftforge.fml.ModLoader$$Lambda$5414+0x000001d1ac0ad598.accept(Ljava/lang/Object;)V+24 fmlcore@1.20.1-47.4.18
J 17106 c1 java.lang.Iterable.forEach(Ljava/util/function/Consumer;)V java.base@17.0.12 (39 bytes) @ 0x000001d190f82a24 [0x000001d190f82980+0x00000000000000a4]
j  net.minecraftforge.fml.ModLoader.gatherAndInitializeMods(Lnet/minecraftforge/fml/ModWorkManager$DrivenExecutor;Ljava/util/concurrent/Executor;Ljava/lang/Runnable;)V+483 fmlcore@1.20.1-47.4.18
j  net.minecraftforge.client.loading.ClientModLoader.lambda$begin$1()V+14 forge@47.4.18
j  net.minecraftforge.client.loading.ClientModLoader$$Lambda$5331+0x000001d1ac086b80.run()V+0 forge@47.4.18
j  net.minecraftforge.client.loading.ClientModLoader.lambda$createRunnableWithCatch$4(Ljava/lang/Runnable;)V+8 forge@47.4.18
j  net.minecraftforge.client.loading.ClientModLoader$$Lambda$5332+0x000001d1ac086d98.run()V+4 forge@47.4.18
j  net.minecraftforge.client.loading.ClientModLoader.begin(Lnet/minecraft/client/Minecraft;Lnet/minecraft/server/packs/repository/PackRepository;Lnet/minecraft/server/packs/resources/ReloadableResourceManager;)V+51 forge@47.4.18
j  net.minecraft.client.Minecraft.<init>(Lnet/minecraft/client/main/GameConfig;)V+957 minecraft@1.20.1
j  me.decce.ixeris.RenderThreadStarter+0x000001d1abf68000.tryCreateMinecraft()Lnet/minecraft/client/Minecraft;+16 ixeris@4.2.0+1.20.1-forge
j  me.decce.ixeris.RenderThreadStarter+0x000001d1abf68000.run()V+1 ixeris@4.2.0+1.20.1-forge
j  java.lang.Thread.run()V+11 java.base@17.0.12
v  ~StubRoutines::call_stub

siginfo: EXCEPTION_ACCESS_VIOLATION (0xc0000005), reading address 0x0000000000000010


Registers:
RAX=0x000001d1ef5d6208, RBX=0x000001d1a94adcf0, RCX=0x0000000000000000, RDX=0x000001d1f08cbb80
RSP=0x00000048a99fdfa0, RBP=0x00000048a99fe0d0, RSI=0x0000000000000001, RDI=0x000001d1efa91120
R8 =0x0000000000000001, R9 =0x000001d1ef0e3280, R10=0x0000000000000000, R11=0x0000000000000356
R12=0x0000000000000000, R13=0x0000000000002600, R14=0x000001d1f08cbb80, R15=0x0000000000000001
RIP=0x00007ffa59b72ff6, EFLAGS=0x0000000000010206


Register to memory mapping:

RIP=0x00007ffa59b72ff6 ig75icd64.dll
RAX=0x000001d1ef5d6208 points into unknown readable memory: 0x4000013b00000901 | 01 09 00 00 3b 01 00 40
RBX=0x000001d1a94adcf0 points into unknown readable memory: 0x0000000000000000 | 00 00 00 00 00 00 00 00
RCX=0x0 is NULL
RDX=0x000001d1f08cbb80 points into unknown readable memory: 0x000001d1f0c69a80 | 80 9a c6 f0 d1 01 00 00
RSP=0x00000048a99fdfa0 is pointing into the stack for thread: 0x000001d279effd40
RBP=0x00000048a99fe0d0 is pointing into the stack for thread: 0x000001d279effd40
RSI=0x0000000000000001 is an unknown value
RDI=0x000001d1efa91120 points into unknown readable memory: 0x000001d1a9ef2b90 | 90 2b ef a9 d1 01 00 00
R8 =0x0000000000000001 is an unknown value
R9 =0x000001d1ef0e3280 points into unknown readable memory: 0x0000000000000000 | 00 00 00 00 00 00 00 00
R10=0x0 is NULL
R11=0x0000000000000356 is an unknown value
R12=0x0 is NULL
R13=0x0000000000002600 is an unknown value
R14=0x000001d1f08cbb80 points into unknown readable memory: 0x000001d1f0c69a80 | 80 9a c6 f0 d1 01 00 00
R15=0x0000000000000001 is an unknown value


Top of Stack: (sp=0x00000048a99fdfa0)
0x00000048a99fdfa0:   000001d1a9b5ed20 00000048a99fe120
0x00000048a99fdfb0:   000001d1870e0000 0000000000000000
0x00000048a99fdfc0:   000001d1a94adcf0 00007ffa59bcf296
0x00000048a99fdfd0:   000001d1a94adcf0 0000000000000001
0x00000048a99fdfe0:   0000000000000020 0000000000000046
0x00000048a99fdff0:   0000000000000000 00000000ffffffff
0x00000048a99fe000:   000001d27c107f00 00007ffac8a747b1
0x00000048a99fe010:   0000000000000002 000001d187170000
0x00000048a99fe020:   0000000000000001 0000000000000000
0x00000048a99fe030:   0000000000000000 0000000000000046
0x00000048a99fe040:   000001d27c107f00 00007ffac81e8ade
0x00000048a99fe050:   00000048a99fe0f0 000000000000007c
0x00000048a99fe060:   000001d27c107f00 00007ffac78d0000
0x00000048a99fe070:   0000000000000001 0000000000000000
0x00000048a99fe080:   0000000000000000 000001d1f00dac20
0x00000048a99fe090:   ffffffffffb127f5 0401b10100004014 

Instructions: (pc=0x00007ffa59b72ff6)
0x00007ffa59b72ef6:   1f 4d 8b c6 48 8b 81 70 01 00 00 48 8b d6 ff 50
0x00007ffa59b72f06:   38 48 8b fb 48 85 db 75 e1 48 8b 85 50 04 00 00
0x00007ffa59b72f16:   4c 8b 74 24 30 48 8b 48 50 48 85 c9 74 1f 8b 41
0x00007ffa59b72f26:   10 39 85 64 03 00 00 74 14 48 b8 00 00 00 00 00
0x00007ffa59b72f36:   01 04 00 48 09 46 30 89 9d b8 02 00 00 48 8b 0d
0x00007ffa59b72f46:   6e a5 8f 00 ff 15 58 65 5d 00 48 8b 5c 24 38 48
0x00007ffa59b72f56:   8b 6c 24 40 48 8b 74 24 48 48 83 c4 20 5f c3 cc
0x00007ffa59b72f66:   cc cc cc cc cc cc cc cc cc cc 48 83 ec 28 48 85
0x00007ffa59b72f76:   d2 74 12 80 7a 24 00 74 0c 48 8d 05 8a 44 8c 00
0x00007ffa59b72f86:   48 83 c4 28 c3 e8 f0 01 00 00 48 85 c0 75 0c 48
0x00007ffa59b72f96:   8d 05 14 09 90 00 48 83 c4 28 c3 48 05 60 01 00
0x00007ffa59b72fa6:   00 48 83 c4 28 c3 cc cc cc cc 44 8b 49 0c 45 85
0x00007ffa59b72fb6:   c9 74 0b 41 ff c9 74 03 32 c0 c3 b0 01 c3 83 79
0x00007ffa59b72fc6:   08 03 75 05 45 84 c0 75 0c 80 ba f0 f5 02 00 01
0x00007ffa59b72fd6:   74 03 33 c0 c3 b8 01 00 00 00 c3 cc cc cc cc cc
0x00007ffa59b72fe6:   cc cc cc cc cc cc cc cc cc cc 40 53 48 83 ec 20
0x00007ffa59b72ff6:   8b 41 10 48 8d 59 20 39 03 74 35 48 8b 91 80 00
0x00007ffa59b73006:   00 00 48 85 d2 74 15 48 8b 52 20 4c 8b c3 e8 27
0x00007ffa59b73016:   00 00 00 48 8b c3 48 83 c4 20 5b c3 48 8b 91 88
0x00007ffa59b73026:   00 00 00 48 85 d2 75 df 4c 8b c3 e8 0a 00 00 00
0x00007ffa59b73036:   48 8b c3 48 83 c4 20 5b c3 cc 48 89 5c 24 08 48
0x00007ffa59b73046:   89 74 24 10 57 48 83 ec 20 49 8b f8 48 8b da 33
0x00007ffa59b73056:   d2 48 8b f1 44 8d 42 60 48 8b cf e8 ba de 3d 00
0x00007ffa59b73066:   48 8b 86 90 00 00 00 48 89 47 08 8b 86 4c 01 00
0x00007ffa59b73076:   00 48 89 5f 28 ff c8 89 47 14 8b 86 50 01 00 00
0x00007ffa59b73086:   48 8b 4b 08 89 47 18 8b 86 54 01 00 00 89 47 1c
0x00007ffa59b73096:   8b 86 58 01 00 00 89 47 20 e8 8c 0b 40 00 33 db
0x00007ffa59b730a6:   ff c8 74 32 ff c8 74 27 ff c8 74 1c ff c8 74 11
0x00007ffa59b730b6:   83 f8 02 74 05 8d 43 07 eb 1e b8 04 00 00 00 eb
0x00007ffa59b730c6:   17 b8 03 00 00 00 eb 10 b8 02 00 00 00 eb 09 b8
0x00007ffa59b730d6:   01 00 00 00 eb 02 8b c3 89 47 10 83 7e 08 01 77
0x00007ffa59b730e6:   15 48 8b 4f 28 48 8b 49 08 e8 7c 0b 40 00 85 c0 


Stack slot to memory mapping:
stack at sp + 0 slots: 0x000001d1a9b5ed20 points into unknown readable memory: 0x00007ffa5a1c9200 | 00 92 1c 5a fa 7f 00 00
stack at sp + 1 slots: 0x00000048a99fe120 is pointing into the stack for thread: 0x000001d279effd40
stack at sp + 2 slots: 0x000001d1870e0000 points into unknown readable memory: 0x0000000000000000 | 00 00 00 00 00 00 00 00
stack at sp + 3 slots: 0x0 is NULL
stack at sp + 4 slots: 0x000001d1a94adcf0 points into unknown readable memory: 0x0000000000000000 | 00 00 00 00 00 00 00 00
stack at sp + 5 slots: 0x00007ffa59bcf296 ig75icd64.dll
stack at sp + 6 slots: 0x000001d1a94adcf0 points into unknown readable memory: 0x0000000000000000 | 00 00 00 00 00 00 00 00
stack at sp + 7 slots: 0x0000000000000001 is an unknown value


Compiled method (n/a)  145144 18199     n 0       org.lwjgl.opengl.GL30C::glBlitFramebuffer (native)
 total in heap  [0x000001d1988b5d10,0x000001d1988b6108] = 1016
 relocation     [0x000001d1988b5e68,0x000001d1988b5e98] = 48
 main code      [0x000001d1988b5ea0,0x000001d1988b6100] = 608
 oops           [0x000001d1988b6100,0x000001d1988b6108] = 8

[Constant Pool (empty)]

[MachCode]
[Entry Point]
  # {method} {0x000001d1ec02ea38} 'glBlitFramebuffer' '(IIIIIIIIII)V' in 'org/lwjgl/opengl/GL30C'
  # parm0:    rdx       = int
  # parm1:    r8        = int
  # parm2:    r9        = int
  # parm3:    rdi       = int
  # parm4:    rsi       = int
  # parm5:    rcx       = int
  # parm6:    [sp+0xb0]   = int  (sp of caller)
  # parm7:    [sp+0xb8]   = int
  # parm8:    [sp+0xc0]   = int
  # parm9:    [sp+0xc8]   = int
  0x000001d1988b5ea0: 448b 5208 | 49bb 0000 | 00aa d101 | 0000 4d03 | d349 3bc2 | 0f84 0600 

  0x000001d1988b5eb8: ;   {runtime_call ic_miss_stub}
  0x000001d1988b5eb8: 0000 e9c1 | 6b97 ff90 
[Verified Entry Point]
  0x000001d1988b5ec0: 8984 2400 | 90ff ff55 | 488b ec48 | 81ec a000 | 0000 4863 | 4528 4889 | 4424 5848 | 6345 2048 
  0x000001d1988b5ee0: 8944 2450 | 4863 4518 | 4889 4424 | 4848 6345 | 1048 8944 | 2440 4889 | 4c24 3848 | 8974 2430 
  0x000001d1988b5f00: 4889 7c24 | 284c 894c | 2420 4d8b | c84c 8bc2 

  0x000001d1988b5f10: ;   {oop(a 'java/lang/Class'{0x0000000746795b68} = 'org/lwjgl/opengl/GL30C')}
  0x000001d1988b5f10: 49be 685b | 7946 0700 | 0000 4c89 | b424 9000 | 0000 4c8d | b424 9000 | 0000 498b | d6c5 f877 
  0x000001d1988b5f30: ;   {internal_word}
  0x000001d1988b5f30: 49ba 2d5f | 8b98 d101 | 0000 4d89 | 9798 0200 | 0049 89a7 | 9002 0000 

  0x000001d1988b5f48: ;   {external_word}
  0x000001d1988b5f48: 49ba c890 | 025b fa7f | 0000 4180 | 3a00 0f84 | 5000 0000 | 5241 5041 

  0x000001d1988b5f60: ;   {metadata({method} {0x000001d1ec02ea38} 'glBlitFramebuffer' '(IIIIIIIIII)V' in 'org/lwjgl/opengl/GL30C')}
  0x000001d1988b5f60: 5148 ba30 | ea02 ecd1 | 0100 0049 | 8bcf 4883 | ec20 40f6 | c40f 0f84 | 1a00 0000 | 4883 ec08 
  0x000001d1988b5f80: ;   {runtime_call}
  0x000001d1988b5f80: 49ba b001 | c05a fa7f | 0000 41ff | d248 83c4 | 08e9 0d00 

  0x000001d1988b5f94: ;   {runtime_call}
  0x000001d1988b5f94: 0000 49ba | b001 c05a | fa7f 0000 | 41ff d248 | 83c4 2041 | 5941 585a | 498d 8fb0 | 0200 0041 
  0x000001d1988b5fb4: c787 4003 | 0000 0400 

  0x000001d1988b5fbc: ;   {runtime_call}
  0x000001d1988b5fbc: 0000 49ba | 80f7 fb9a | fa7f 0000 | 41ff d2c5 | f877 41c7 | 8740 0300 | 0005 0000 | 00f0 8344 
  0x000001d1988b5fdc: 24c0 0049 | 3baf 4803 | 0000 0f87 | 1100 0000 | 4181 bf30 | 0300 0000 | 0000 000f | 8424 0000 
  0x000001d1988b5ffc: 00c5 f877 | 498b cf4c | 8be4 4883 | ec20 4883 

  0x000001d1988b600c: ;   {runtime_call}
  0x000001d1988b600c: e4f0 49ba | a0b0 ca5a | fa7f 0000 | 41ff d249 | 8be4 4d33 | e441 c787 | 4003 0000 | 0800 0000 
  0x000001d1988b602c: 4181 bfb0 | 0300 0002 | 0000 000f | 8499 0000 

  0x000001d1988b603c: ;   {external_word}
  0x000001d1988b603c: 0049 bac8 | 9002 5bfa | 7f00 0041 | 803a 000f | 8446 0000 

  0x000001d1988b6050: ;   {metadata({method} {0x000001d1ec02ea38} 'glBlitFramebuffer' '(IIIIIIIIII)V' in 'org/lwjgl/opengl/GL30C')}
  0x000001d1988b6050: 0048 ba30 | ea02 ecd1 | 0100 0049 | 8bcf 4883 | ec20 40f6 | c40f 0f84 | 1a00 0000 | 4883 ec08 
  0x000001d1988b6070: ;   {runtime_call}
  0x000001d1988b6070: 49ba b001 | c05a fa7f | 0000 41ff | d248 83c4 | 08e9 0d00 

  0x000001d1988b6084: ;   {runtime_call}
  0x000001d1988b6084: 0000 49ba | b001 c05a | fa7f 0000 | 41ff d248 | 83c4 2049 | c787 9002 | 0000 0000 | 0000 49c7 
  0x000001d1988b60a4: 8798 0200 | 0000 0000 | 00c5 f877 | 498b 8fd8 | 0000 00c7 | 8100 0100 | 0000 0000 | 00c9 4981 
  0x000001d1988b60c4: 7f08 0000 | 0000 0f85 | 0100 0000 

  0x000001d1988b60d0: ;   {runtime_call StubRoutines (1)}
  0x000001d1988b60d0: c3e9 2aae | 92ff c5f8 | 774c 8be4 | 4883 ec20 | 4883 e4f0 

  0x000001d1988b60e4: ;   {runtime_call}
  0x000001d1988b60e4: 49ba c032 | c05a fa7f | 0000 41ff | d249 8be4 | 4d33 e4e9 | 41ff ffff | f4f4 f4f4 
[/MachCode]


Compiled method (c1)  145183 18198       2       net.minecraftforge.fml.earlydisplay.EarlyFramebuffer::draw (252 bytes)
 total in heap  [0x000001d191e92610,0x000001d191e92f80] = 2416
 relocation     [0x000001d191e92768,0x000001d191e92820] = 184
 constants      [0x000001d191e92820,0x000001d191e92840] = 32
 main code      [0x000001d191e92840,0x000001d191e92c60] = 1056
 stub code      [0x000001d191e92c60,0x000001d191e92d08] = 168
 oops           [0x000001d191e92d08,0x000001d191e92d10] = 8
 metadata       [0x000001d191e92d10,0x000001d191e92d68] = 88
 scopes data    [0x000001d191e92d68,0x000001d191e92e30] = 200
 scopes pcs     [0x000001d191e92e30,0x000001d191e92f30] = 256
 dependencies   [0x000001d191e92f30,0x000001d191e92f48] = 24
 nul chk table  [0x000001d191e92f48,0x000001d191e92f80] = 56


[Constant Pool]
             Address          hex4                    hex8      
  0x000001d191e92820:   0x40000000      0x3f00000040000000      
  0x000001d191e92824:   0x3f000000                              
  0x000001d191e92828:   0x3f000000      0x437f00003f000000      
  0x000001d191e9282c:   0x437f0000                              
  0x000001d191e92830:   0x437f0000      0x437f0000437f0000      
  0x000001d191e92834:   0x437f0000                              
  0x000001d191e92838:   0x3f800000      0xf4f4f4f43f800000      
  0x000001d191e9283c:   0xf4f4f4f4                              

[MachCode]
[Entry Point]
  # {method} {0x000001d1ec08ab78} 'draw' '(II)V' in 'net/minecraftforge/fml/earlydisplay/EarlyFramebuffer'
  # this:     rdx:rdx   = 'net/minecraftforge/fml/earlydisplay/EarlyFramebuffer'
  # parm0:    r8        = int
  # parm1:    r9        = int
  #           [sp+0xd0]  (sp of caller)
  0x000001d191e92840: ;   {no_reloc}
  0x000001d191e92840: 448b 5208 | 49bb 0000 | 00aa d101 | 0000 4d03 | d34c 3bd0 

  0x000001d191e92854: ;   {runtime_call ic_miss_stub}
  0x000001d191e92854: 0f85 26a2 | 3906 660f | 1f44 0000 
[Verified Entry Point]
  0x000001d191e92860: 8984 2400 | 90ff ff55 | 4881 ecc0 | 0000 0048 | 8994 2488 | 0000 0048 | be50 ab1a | ecd1 0100 
  0x000001d191e92880: 008b 7e08 | 83c7 0289 | 7e08 81e7 | fe0f 0000 | 83ff 000f | 8431 0300 | 008b 7214 | 48c1 e603 
  0x000001d191e928a0: ; implicit exception: dispatches to 0x000001d191e92beb
  0x000001d191e928a0: 8b7e 0cc4 | c16a 2ad0 | c5fa 2ac7 | c5f8 28ca | c5f2 5ec8 | 8b7e 10c4 | c162 2ad9 | c5fa 2ac7 
  0x000001d191e928c0: c5f8 28e3 | c5da 5ee0 | 8b76 14c5 | d22a eec5 | f828 c1c5 | f828 cc44 | 898c 2494 | 0000 0044 
  0x000001d191e928e0: 8984 2490 | 0000 00c5 | fa11 9c24 | b000 0000 | c5fa 1194 | 24ac 0000 | 00c5 fa11 | ac24 a800 
  0x000001d191e92900: 0000 0f1f 

  0x000001d191e92904: ;   {static_call}
  0x000001d191e92904: 4400 00e8 

  0x000001d191e92908: ; ImmutableOopMap {[136]=Oop }
                      ;*invokestatic min {reexecute=0 rethrow=0 return_oop=0}
                      ; - net.minecraftforge.fml.earlydisplay.EarlyFramebuffer::draw@36 (line 44)
  0x000001d191e92908: 94d3 e106 | c5fa 10ac | 24a8 0000 | 00c5 d259 

  0x000001d191e92918: ;   {section_word}
  0x000001d191e92918: e8c5 d25e | 2dff feff | ff48 8b94 | 2488 0000 | 0044 8b42 | 1449 c1e0 | 0341 8b70 | 0cc5 fa10 
  0x000001d191e92938: 9424 ac00 

  0x000001d191e9293c: ;   {section_word}
  0x000001d191e9293c: 0000 c5ea | 5915 defe | ffff c5fa | 2ac6 c5fa | 59c5 c5f8 | 28ca c5f2 | 5cc8 c5fa | 2cf1 81fe 
  0x000001d191e9295c: 0000 0080 | 750f 4883 | ec08 c5fa 

  0x000001d191e92968: ;   {runtime_call StubRoutines (1)}
  0x000001d191e92968: 110c 24e8 | 81e7 3406 | 5e45 8b40 | 10c5 fa10 | 9c24 b000 

  0x000001d191e9297c: ;   {section_word}
  0x000001d191e9297c: 0000 c5e2 | 591d a2fe | ffff c4c1 | 722a c8c5 | f259 cdc5 | f828 e3c5 | da5c e1c5 | fa2c fc81 
  0x000001d191e9299c: ff00 0000 | 8075 0f48 | 83ec 08c5 | fa11 2424 

  0x000001d191e929ac: ;   {runtime_call StubRoutines (1)}
  0x000001d191e929ac: e840 e734 | 065f c5ea | 58d0 c5fa | 2cda 81fb | 0000 0080 | 750f 4883 | ec08 c5fa 

  0x000001d191e929c8: ;   {runtime_call StubRoutines (1)}
  0x000001d191e929c8: 1114 24e8 | 21e7 3406 | 5bc5 e258 | d9c5 fa2c | c33d 0000 | 0080 750f | 4883 ec08 | c5fa 111c 
  0x000001d191e929e8: ;   {runtime_call StubRoutines (1)}
  0x000001d191e929e8: 24e8 03e7 | 3406 58ba | a98c 0000 | 41b8 0000 | 0000 8984 | 24a4 0000 | 0089 9c24 | a000 0000 
  0x000001d191e92a08: 89bc 249c | 0000 0089 | b424 9800 

  0x000001d191e92a14: ;   {static_call}
  0x000001d191e92a14: 0000 90e8 

  0x000001d191e92a18: ; ImmutableOopMap {[136]=Oop }
                      ;*invokestatic glBindFramebuffer {reexecute=0 rethrow=0 return_oop=0}
                      ; - net.minecraftforge.fml.earlydisplay.EarlyFramebuffer::draw@127 (line 49)
  0x000001d191e92a18: a450 ce06 | 488b 9424 | 8800 0000 | 448b 420c | baa8 8c00 

  0x000001d191e92a2c: ;   {static_call}
  0x000001d191e92a2c: 0066 90e8 

  0x000001d191e92a30: ; ImmutableOopMap {[136]=Oop }
                      ;*invokestatic glBindFramebuffer {reexecute=0 rethrow=0 return_oop=0}
                      ; - net.minecraftforge.fml.earlydisplay.EarlyFramebuffer::draw@136 (line 50)
  0x000001d191e92a30: 8c50 ce06 | 488b 9424 | 8800 0000 | 8b72 1448 | c1e6 038b | 761c 48c1 | e603 8b76 | 1448 c1e6 
  0x000001d191e92a50: 038b 7e0c | 8b5e 108b | 7614 c5fa 

  0x000001d191e92a5c: ;   {section_word}
  0x000001d191e92a5c: 2ac7 c5fa | 5e05 c6fd | ffff c5f2 

  0x000001d191e92a68: ;   {section_word}
  0x000001d191e92a68: 2acb c5f2 | 5e0d befd | ffff c5ea 

  0x000001d191e92a74: ;   {section_word}
  0x000001d191e92a74: 2ad6 c5ea | 5e15 b6fd 

  0x000001d191e92a7c: ;   {section_word}
  0x000001d191e92a7c: ffff c5fa | 101d b2fd 

  0x000001d191e92a84: ;   {static_call}
  0x000001d191e92a84: ffff 90e8 

  0x000001d191e92a88: ; ImmutableOopMap {[136]=Oop }
                      ;*invokestatic glClearColor {reexecute=0 rethrow=0 return_oop=0}
                      ; - net.minecraftforge.fml.earlydisplay.EarlyFramebuffer::draw@167 (line 52)
  0x000001d191e92a88: 3442 b006 | ba00 4000 | 0066 0f1f 

  0x000001d191e92a94: ;   {static_call}
  0x000001d191e92a94: 4400 00e8 

  0x000001d191e92a98: ; ImmutableOopMap {[136]=Oop }
                      ;*invokestatic glClear {reexecute=0 rethrow=0 return_oop=0}
                      ; - net.minecraftforge.fml.earlydisplay.EarlyFramebuffer::draw@173 (line 53)
  0x000001d191e92a98: a4c6 ae06 | 488b 9424 | 8800 0000 | 8b52 1448 | c1e2 0344 | 8b42 1044 | 8b4a 1445 | 0faf c18b 
  0x000001d191e92ab8: 520c 488b | fa41 0faf | f98b b424 | 9800 0000 | 83fe 000f | 8d0a 0000 | 00be 0000 | 0000 e915 
  0x000001d191e92ad8: 0000 003b | b424 9000 | 0000 8b94 | 2490 0000 | 0048 0f4e | d648 8bf2 | 8b94 249c | 0000 0083 
  0x000001d191e92af8: fa00 0f8d | 0a00 0000 | b900 0000 | 00e9 1600 | 0000 3b94 | 2494 0000 | 0044 8b8c | 2494 0000 
  0x000001d191e92b18: 004c 0f4e | ca49 8bc9 | 8b9c 24a0 | 0000 0083 | fb00 0f8d | 0a00 0000 | bb00 0000 | 00e9 1000 
  0x000001d191e92b38: 0000 8b94 | 2490 0000 | 003b da48 | 0f4e d348 | 8bda 8b84 | 24a4 0000 | 0083 f800 | 0f8d 0a00 
  0x000001d191e92b58: 0000 b800 | 0000 00e9 | 1200 0000 | 448b 8c24 | 9400 0000 | 413b c14c | 0f4e c849 | 8bc1 ba00 
  0x000001d191e92b78: 0000 004c | 8bcf bf00 | 0000 0089 | 1c24 8944 | 2408 c744 | 2410 0040 | 0000 c744 | 2418 0026 
  0x000001d191e92b98: 0000 0f1f 

  0x000001d191e92b9c: ;   {static_call}
  0x000001d191e92b9c: 4400 00e8 

  0x000001d191e92ba0: ; ImmutableOopMap {}
                      ;*invokestatic glBlitFramebuffer {reexecute=0 rethrow=0 return_oop=0}
                      ; - net.minecraftforge.fml.earlydisplay.EarlyFramebuffer::draw@242 (line 55)
  0x000001d191e92ba0: 1c33 a206 | ba40 8d00 | 0041 b800 

  0x000001d191e92bac: ;   {static_call}
  0x000001d191e92bac: 0000 00e8 

  0x000001d191e92bb0: ; ImmutableOopMap {}
                      ;*invokestatic glBindFramebuffer {reexecute=0 rethrow=0 return_oop=0}
                      ; - net.minecraftforge.fml.earlydisplay.EarlyFramebuffer::draw@248 (line 56)
  0x000001d191e92bb0: 0c4f ce06 | 4881 c4c0 | 0000 005d 

  0x000001d191e92bbc: ;   {poll_return}
  0x000001d191e92bbc: 493b a748 | 0300 000f | 8740 0000 

  0x000001d191e92bc8: ;   {metadata({method} {0x000001d1ec08ab78} 'draw' '(II)V' in 'net/minecraftforge/fml/earlydisplay/EarlyFramebuffer')}
  0x000001d191e92bc8: 00c3 49ba | 70ab 08ec | d101 0000 | 4c89 5424 | 0848 c704 | 24ff ffff 

  0x000001d191e92be0: ;   {runtime_call counter_overflow Runtime1 stub}
  0x000001d191e92be0: ffe8 1aa7 

  0x000001d191e92be4: ; ImmutableOopMap {rdx=Oop [136]=Oop }
                      ;*synchronization entry
                      ; - net.minecraftforge.fml.earlydisplay.EarlyFramebuffer::draw@-1 (line 42)
  0x000001d191e92be4: 4406 e9ae 

  0x000001d191e92be8: ;   {runtime_call throw_null_pointer_exception Runtime1 stub}
  0x000001d191e92be8: fcff ffe8 

  0x000001d191e92bec: ; ImmutableOopMap {rdx=Oop [136]=Oop rsi=Oop }
                      ;*invokevirtual width {reexecute=0 rethrow=0 return_oop=0}
                      ; - net.minecraftforge.fml.earlydisplay.EarlyFramebuffer::draw@6 (line 42)
  0x000001d191e92bec: b076 3b06 

  0x000001d191e92bf0: ;   {runtime_call throw_null_pointer_exception Runtime1 stub}
  0x000001d191e92bf0: e8ab 763b 

  0x000001d191e92bf4: ; ImmutableOopMap {rdx=Oop [136]=Oop r8=Oop }
                      ;*invokevirtual width {reexecute=0 rethrow=0 return_oop=0}
                      ; - net.minecraftforge.fml.earlydisplay.EarlyFramebuffer::draw@55 (line 45)
                      ;   {runtime_call throw_null_pointer_exception Runtime1 stub}
  0x000001d191e92bf4: 06e8 a676 

  0x000001d191e92bf8: ; ImmutableOopMap {rdx=Oop [136]=Oop }
                      ;*invokevirtual colourScheme {reexecute=0 rethrow=0 return_oop=0}
                      ; - net.minecraftforge.fml.earlydisplay.EarlyFramebuffer::draw@143 (line 51)
                      ;   {runtime_call throw_null_pointer_exception Runtime1 stub}
  0x000001d191e92bf8: 3b06 e8a1 

  0x000001d191e92bfc: ; ImmutableOopMap {rdx=Oop [136]=Oop }
                      ;*invokevirtual background {reexecute=0 rethrow=0 return_oop=0}
                      ; - net.minecraftforge.fml.earlydisplay.EarlyFramebuffer::draw@146 (line 51)
                      ;   {runtime_call throw_null_pointer_exception Runtime1 stub}
  0x000001d191e92bfc: 763b 06e8 

  0x000001d191e92c00: ; ImmutableOopMap {rdx=Oop [136]=Oop rsi=Oop }
                      ;*invokevirtual redf {reexecute=0 rethrow=0 return_oop=0}
                      ; - net.minecraftforge.fml.earlydisplay.EarlyFramebuffer::draw@153 (line 52)
  0x000001d191e92c00: 9c76 3b06 

  0x000001d191e92c04: ;   {runtime_call throw_null_pointer_exception Runtime1 stub}
  0x000001d191e92c04: e897 763b 

  0x000001d191e92c08: ; ImmutableOopMap {rdx=Oop }
                      ;*invokevirtual height {reexecute=0 rethrow=0 return_oop=0}
                      ; - net.minecraftforge.fml.earlydisplay.EarlyFramebuffer::draw@181 (line 55)
                      ;   {internal_word}
  0x000001d191e92c08: 0649 babc | 2be9 91d1 | 0100 004d | 8997 6003 

  0x000001d191e92c18: ;   {runtime_call SafepointBlob}
  0x000001d191e92c18: 0000 e9e1 | 073a 0690 | 9049 8b87 | d803 0000 | 49c7 87d8 | 0300 0000 | 0000 0049 | c787 e003 
  0x000001d191e92c38: 0000 0000 | 0000 4881 | c4c0 0000 

  0x000001d191e92c44: ;   {runtime_call unwind_exception Runtime1 stub}
  0x000001d191e92c44: 005d e935 | 853b 06f4 | f4f4 f4f4 | f4f4 f4f4 | f4f4 f4f4 | f4f4 f4f4 | f4f4 f4f4 
[Stub Code]
  0x000001d191e92c60: ;   {no_reloc}
  0x000001d191e92c60: 0f1f 4400 

  0x000001d191e92c64: ;   {static_stub}
  0x000001d191e92c64: 0048 bb00 | 0000 0000 

  0x000001d191e92c6c: ;   {runtime_call}
  0x000001d191e92c6c: 0000 00e9 | fbff ffff 

  0x000001d191e92c74: ;   {static_stub}
  0x000001d191e92c74: 9048 bb00 | 0000 0000 

  0x000001d191e92c7c: ;   {runtime_call}
  0x000001d191e92c7c: 0000 00e9 | fbff ffff 

  0x000001d191e92c84: ;   {static_stub}
  0x000001d191e92c84: 9048 bb00 | 0000 0000 

  0x000001d191e92c8c: ;   {runtime_call}
  0x000001d191e92c8c: 0000 00e9 | fbff ffff 

  0x000001d191e92c94: ;   {static_stub}
  0x000001d191e92c94: 9048 bb00 | 0000 0000 

  0x000001d191e92c9c: ;   {runtime_call}
  0x000001d191e92c9c: 0000 00e9 | fbff ffff 

  0x000001d191e92ca4: ;   {static_stub}
  0x000001d191e92ca4: 9048 bb00 | 0000 0000 

  0x000001d191e92cac: ;   {runtime_call}
  0x000001d191e92cac: 0000 00e9 | fbff ffff 

  0x000001d191e92cb4: ;   {static_stub}
  0x000001d191e92cb4: 9048 bb00 | 0000 0000 

  0x000001d191e92cbc: ;   {runtime_call}
  0x000001d191e92cbc: 0000 00e9 | fbff ffff 

  0x000001d191e92cc4: ;   {static_stub}
  0x000001d191e92cc4: 9048 bb00 | 0000 0000 

  0x000001d191e92ccc: ;   {runtime_call}
  0x000001d191e92ccc: 0000 00e9 | fbff ffff 
[Exception Handler]
  0x000001d191e92cd4: ;   {runtime_call handle_exception_from_callee Runtime1 stub}
  0x000001d191e92cd4: e8a7 573b 

  0x000001d191e92cd8: ;   {external_word}
  0x000001d191e92cd8: 0648 b990 | f0de 5afa | 7f00 0048 

  0x000001d191e92ce4: ;   {runtime_call}
  0x000001d191e92ce4: 83e4 f049 | ba20 ffac | 5afa 7f00 | 0041 ffd2 

  0x000001d191e92cf4: ;   {section_word}
  0x000001d191e92cf4: f449 baf5 | 2ce9 91d1 | 0100 0041 

  0x000001d191e92d00: ;   {runtime_call DeoptimizationBlob}
  0x000001d191e92d00: 52e9 9af9 | 3906 f4f4 
[/MachCode]


Compiled method (c1)  145231 16917   !   2       net.minecraftforge.fml.earlydisplay.DisplayWindow::renderThreadFunc (286 bytes)
 total in heap  [0x000001d191c68290,0x000001d191c69950] = 5824
 relocation     [0x000001d191c683e8,0x000001d191c685c8] = 480
 constants      [0x000001d191c685e0,0x000001d191c68600] = 32
 main code      [0x000001d191c68600,0x000001d191c68d40] = 1856
 stub code      [0x000001d191c68d40,0x000001d191c68f18] = 472
 oops           [0x000001d191c68f18,0x000001d191c68f20] = 8
 metadata       [0x000001d191c68f20,0x000001d191c68fe0] = 192
 scopes data    [0x000001d191c68fe0,0x000001d191c691b8] = 472
 scopes pcs     [0x000001d191c691b8,0x000001d191c694e8] = 816
 dependencies   [0x000001d191c694e8,0x000001d191c69520] = 56
 handler table  [0x000001d191c69520,0x000001d191c69898] = 888
 nul chk table  [0x000001d191c69898,0x000001d191c69950] = 184


[Constant Pool]
             Address          hex4                    hex8      
  0x000001d191c685e0:   0x437f0000      0x437f0000437f0000      
  0x000001d191c685e4:   0x437f0000                              
  0x000001d191c685e8:   0x437f0000      0x3f800000437f0000      
  0x000001d191c685ec:   0x3f800000                              
  0x000001d191c685f0:   0xf4f4f4f4      0xf4f4f4f4f4f4f4f4      
  0x000001d191c685f4:   0xf4f4f4f4                              
  0x000001d191c685f8:   0xf4f4f4f4      0xf4f4f4f4f4f4f4f4      
  0x000001d191c685fc:   0xf4f4f4f4                              

[MachCode]
[Entry Point]
  # {method} {0x000001d1ebe673f0} 'renderThreadFunc' '()V' in 'net/minecraftforge/fml/earlydisplay/DisplayWindow'
  #           [sp+0xb0]  (sp of caller)
  0x000001d191c68600: ;   {no_reloc}
  0x000001d191c68600: 448b 5208 | 49bb 0000 | 00aa d101 | 0000 4d03 | d34c 3bd0 

  0x000001d191c68614: ;   {runtime_call ic_miss_stub}
  0x000001d191c68614: 0f85 6644 | 5c06 660f | 1f44 0000 
[Verified Entry Point]
  0x000001d191c68620: 8984 2400 | 90ff ff55 | 4881 eca0 | 0000 0048 | 8954 2460 | 49b8 08fc | 19ec d101 | 0000 418b 
  0x000001d191c68640: 7008 83c6 | 0241 8970 | 0881 e6fe | 0f00 0083 | fe00 0f84 | 6005 0000 | 448b 426c | 49c1 e003 
  0x000001d191c68660: ; implicit exception: dispatches to 0x000001d191c68bd9
  0x000001d191c68660: 418b 700c | 48c1 e603 

  0x000001d191c68668: ; implicit exception: dispatches to 0x000001d191c68bde
  0x000001d191c68668: 483b 0641 | b801 0000 | 0048 8bd6 

  0x000001d191c68674: ;   {optimized virtual_call}
  0x000001d191c68674: 6666 90e8 

  0x000001d191c68678: ; ImmutableOopMap {[96]=Oop }
                      ;*invokevirtual nonfairTryAcquireShared {reexecute=0 rethrow=0 return_oop=0}
                      ; - java.util.concurrent.Semaphore::tryAcquire@5 (line 369)
                      ; - net.minecraftforge.fml.earlydisplay.DisplayWindow::renderThreadFunc@4 (line 167)
  0x000001d191c68678: e46d 87ff | 83f8 00be | 0000 0000 | 0f8c 0500 | 0000 be01 | 0000 0083 | e601 83fe | 000f 84d7 
  0x000001d191c68698: ;   {runtime_call}
  0x000001d191c68698: 0400 0049 | ba30 58b9 | 5afa 7f00 | 0041 ffd2 | 488b 5424 | 6048 8b72 | 1848 8bf8 | 483b fe0f 
  0x000001d191c686b8: 8d65 0000 | 008b 7258 | 48c1 e603 | 4883 fe00 | 0f84 1b00 | 0000 48ba | 0000 0000 | 0000 0000 
  0x000001d191c686d8: 0f1f 8000 

  0x000001d191c686dc: ;   {static_call}
  0x000001d191c686dc: 0000 00e8 

  0x000001d191c686e0: ; ImmutableOopMap {[96]=Oop }
                      ;*invokestatic glfwMakeContextCurrent {reexecute=0 rethrow=0 return_oop=0}
                      ; - net.minecraftforge.fml.earlydisplay.DisplayWindow::renderThreadFunc@32 (line 192)
  0x000001d191c686e0: bca1 67ff | 488b 5424 | 6044 8b42 | 6c49 c1e0 | 0341 8b70 | 0c48 c1e6 | 0348 3b06 | 41b8 0100 
  0x000001d191c68700: 0000 488b | d648 8974 | 2468 0f1f 

  0x000001d191c6870c: ;   {optimized virtual_call}
  0x000001d191c6870c: 4400 00e8 

  0x000001d191c68710: ; ImmutableOopMap {[104]=Oop }
                      ;*invokevirtual tryReleaseShared {reexecute=0 rethrow=0 return_oop=0}
                      ; - java.util.concurrent.locks.AbstractQueuedSynchronizer::releaseShared@2 (line 1094)
                      ; - java.util.concurrent.Semaphore::release@5 (line 432)
                      ; - net.minecraftforge.fml.earlydisplay.DisplayWindow::renderThreadFunc@39 (line 193)
  0x000001d191c68710: 6c46 5c06 | 83f8 000f | 843a 0400 | 00e9 0604 | 0000 49ba | 8096 9800 | 0000 0000 | 4903 c248 
  0x000001d191c68730: 8942 1848 | 8b72 1048 | 8bd6 0f1f 

  0x000001d191c6873c: ;   {static_call}
  0x000001d191c6873c: 4400 00e8 

  0x000001d191c68740: ; ImmutableOopMap {[96]=Oop }
                      ;*invokestatic glfwMakeContextCurrent {reexecute=0 rethrow=0 return_oop=0}
                      ; - net.minecraftforge.fml.earlydisplay.DisplayWindow::renderThreadFunc@56 (line 176)
  0x000001d191c68740: 5ca1 67ff | 488b 5424 | 6044 8b42 | 5449 c1e0 | 0345 8b40 | 0cba 408d | 0000 0f1f 

  0x000001d191c6875c: ;   {static_call}
  0x000001d191c6875c: 4400 00e8 

  0x000001d191c68760: ; ImmutableOopMap {[96]=Oop }
                      ;*invokestatic glBindFramebuffer {reexecute=0 rethrow=0 return_oop=0}
                      ; - net.minecraftforge.fml.earlydisplay.EarlyFramebuffer::activate@6 (line 34)
                      ; - net.minecraftforge.fml.earlydisplay.DisplayWindow::renderThreadFunc@63 (line 177)
  0x000001d191c68760: 5cf3 f006 | 488b 5424 | 6044 8b42 | 4c49 c1e0 | 0345 8b48 | 1441 8b78 | 0c45 8b40 | 1041 0faf 
  0x000001d191c68780: f949 8bf0 | 410f aff1 | ba00 0000 | 0041 b800 | 0000 004c | 8bcf 488b | fe66 0f1f 

  0x000001d191c6879c: ;   {static_call}
  0x000001d191c6879c: 4400 00e8 

  0x000001d191c687a0: ; ImmutableOopMap {[96]=Oop }
                      ;*invokestatic glViewport {reexecute=0 rethrow=0 return_oop=0}
                      ; - net.minecraftforge.fml.earlydisplay.DisplayWindow::renderThreadFunc@82 (line 178)
  0x000001d191c687a0: 1ce9 d206 | 488b 5424 | 608b 724c | 48c1 e603 

  0x000001d191c687b0: ; implicit exception: dispatches to 0x000001d191c68bf7
  0x000001d191c687b0: 8b76 1848 | c1e6 038b | 760c 488b 

  0x000001d191c687bc: ;   {static_call}
  0x000001d191c687bc: d666 90e8 

  0x000001d191c687c0: ; ImmutableOopMap {[96]=Oop }
                      ;*invokestatic glUseProgram {reexecute=0 rethrow=0 return_oop=0}
                      ; - net.minecraftforge.fml.earlydisplay.ElementShader::activate@4 (line 88)
                      ; - net.minecraftforge.fml.earlydisplay.DisplayWindow::renderThreadFunc@92 (line 179)
  0x000001d191c687c0: 7c5f d106 | 488b 5424 | 608b 724c | 48c1 e603 

  0x000001d191c687d0: ; implicit exception: dispatches to 0x000001d191c68c01
  0x000001d191c687d0: 8b7e 1848 | c1e7 038b | 5e14 8b46 | 0c8b 7610 

  0x000001d191c687e0: ; implicit exception: dispatches to 0x000001d191c68c06
  0x000001d191c687e0: 8b7f 140f | afc3 c5fa | 2ac0 0faf | f3c5 f22a | ce48 8bd7 

  0x000001d191c687f4: ;   {static_call}
  0x000001d191c687f4: 6666 90e8 

  0x000001d191c687f8: ; ImmutableOopMap {[96]=Oop }
                      ;*invokestatic glUniform2f {reexecute=0 rethrow=0 return_oop=0}
                      ; - net.minecraftforge.fml.earlydisplay.ElementShader::updateScreenSizeUniform@8 (line 95)
                      ; - net.minecraftforge.fml.earlydisplay.DisplayWindow::renderThreadFunc@116 (line 180)
  0x000001d191c687f8: 445a fe06 | 488b 5424 | 608b 7244 | 48c1 e603 

  0x000001d191c68808: ; implicit exception: dispatches to 0x000001d191c68c0b
  0x000001d191c68808: 8b76 1448 | c1e6 038b | 7e0c 8b5e | 108b 7614 | c5fa 2ac7 

  0x000001d191c6881c: ;   {section_word}
  0x000001d191c6881c: c5fa 5e05 | bcfd ffff | c5f2 2acb 

  0x000001d191c68828: ;   {section_word}
  0x000001d191c68828: c5f2 5e0d | b4fd ffff | c5ea 2ad6 

  0x000001d191c68834: ;   {section_word}
  0x000001d191c68834: c5ea 5e15 | acfd ffff 

  0x000001d191c6883c: ;   {section_word}
  0x000001d191c6883c: c5fa 101d | a8fd ffff 

  0x000001d191c68844: ;   {static_call}
  0x000001d191c68844: 6666 90e8 

  0x000001d191c68848: ; ImmutableOopMap {[96]=Oop }
                      ;*invokestatic glClearColor {reexecute=0 rethrow=0 return_oop=0}
                      ; - net.minecraftforge.fml.earlydisplay.DisplayWindow::renderThreadFunc@150 (line 181)
  0x000001d191c68848: 74e4 d206 | 488b 5424 | 6066 0f1f 

  0x000001d191c68854: ;   {optimized virtual_call}
  0x000001d191c68854: 4400 00e8 

  0x000001d191c68858: ; ImmutableOopMap {[96]=Oop }
                      ;*invokevirtual paintFramebuffer {reexecute=0 rethrow=0 return_oop=0}
                      ; - net.minecraftforge.fml.earlydisplay.DisplayWindow::renderThreadFunc@154 (line 182)
  0x000001d191c68858: e496 67ff | 488b 5424 | 608b 724c | 48c1 e603 

  0x000001d191c68868: ; implicit exception: dispatches to 0x000001d191c68c15
  0x000001d191c68868: 8b76 1848 | c1e6 0348 | 3b06 ba00 

  0x000001d191c68874: ;   {static_call}
  0x000001d191c68874: 0000 00e8 

  0x000001d191c68878: ; ImmutableOopMap {[96]=Oop }
                      ;*invokestatic glUseProgram {reexecute=0 rethrow=0 return_oop=0}
                      ; - net.minecraftforge.fml.earlydisplay.ElementShader::clear@1 (line 103)
                      ; - net.minecraftforge.fml.earlydisplay.DisplayWindow::renderThreadFunc@164 (line 183)
  0x000001d191c68878: c45e d106 | 488b 5424 | 6044 8b42 | 5449 c1e0 | 0349 3b00 | ba40 8d00 | 0041 b800 

  0x000001d191c68894: ;   {static_call}
  0x000001d191c68894: 0000 00e8 

  0x000001d191c68898: ; ImmutableOopMap {[96]=Oop }
                      ;*invokestatic glBindFramebuffer {reexecute=0 rethrow=0 return_oop=0}
                      ; - net.minecraftforge.fml.earlydisplay.EarlyFramebuffer::deactivate@3 (line 38)
                      ; - net.minecraftforge.fml.earlydisplay.DisplayWindow::renderThreadFunc@171 (line 184)
  0x000001d191c68898: 24f2 f006 | 488b 5424 | 6044 8b4a | 208b 7a24 | ba00 0000 | 0041 b800 | 0000 000f 

  0x000001d191c688b4: ;   {static_call}
  0x000001d191c688b4: 1f40 00e8 

  0x000001d191c688b8: ; ImmutableOopMap {[96]=Oop }
                      ;*invokestatic glViewport {reexecute=0 rethrow=0 return_oop=0}
                      ; - net.minecraftforge.fml.earlydisplay.DisplayWindow::renderThreadFunc@184 (line 185)
  0x000001d191c688b8: 04e8 d206 | 488b 5424 | 608b 7254 | 48c1 e603 | 448b 4220 | 448b 4a24 

  0x000001d191c688d0: ; implicit exception: dispatches to 0x000001d191c68c24
  0x000001d191c688d0: 483b 0648 

  0x000001d191c688d4: ;   {optimized virtual_call}
  0x000001d191c688d4: 8bd6 90e8 

  0x000001d191c688d8: ; ImmutableOopMap {[96]=Oop }
                      ;*invokevirtual draw {reexecute=0 rethrow=0 return_oop=0}
                      ; - net.minecraftforge.fml.earlydisplay.DisplayWindow::renderThreadFunc@199 (line 186)
  0x000001d191c688d8: 849f 2200 | 488b 5424 | 6048 8b72 | 1048 8bd6 | 0f1f 8000 

  0x000001d191c688ec: ;   {static_call}
  0x000001d191c688ec: 0000 00e8 

  0x000001d191c688f0: ; ImmutableOopMap {[96]=Oop }
                      ;*invokestatic glfwSwapBuffers {reexecute=0 rethrow=0 return_oop=0}
                      ; - net.minecraftforge.fml.earlydisplay.DisplayWindow::renderThreadFunc@206 (line 188)
  0x000001d191c688f0: 4cac 79ff | 488b 5424 | 608b 7258 | 48c1 e603 | 4883 fe00 | 0f84 1700 | 0000 48ba | 0000 0000 
  0x000001d191c68910: 0000 0000 

  0x000001d191c68914: ;   {static_call}
  0x000001d191c68914: 6666 90e8 

  0x000001d191c68918: ; ImmutableOopMap {[96]=Oop }
                      ;*invokestatic glfwMakeContextCurrent {reexecute=0 rethrow=0 return_oop=0}
                      ; - net.minecraftforge.fml.earlydisplay.DisplayWindow::renderThreadFunc@217 (line 192)
  0x000001d191c68918: 849f 67ff | 488b 5424 | 6044 8b42 | 6c49 c1e0 | 0341 8b70 | 0c48 c1e6 | 0348 3b06 | 41b8 0100 
  0x000001d191c68938: 0000 488b | d648 8974 | 2470 0f1f 

  0x000001d191c68944: ;   {optimized virtual_call}
  0x000001d191c68944: 4400 00e8 

  0x000001d191c68948: ; ImmutableOopMap {[112]=Oop }
                      ;*invokevirtual tryReleaseShared {reexecute=0 rethrow=0 return_oop=0}
                      ; - java.util.concurrent.locks.AbstractQueuedSynchronizer::releaseShared@2 (line 1094)
                      ; - java.util.concurrent.Semaphore::release@5 (line 432)
                      ; - net.minecraftforge.fml.earlydisplay.DisplayWindow::renderThreadFunc@224 (line 193)
  0x000001d191c68948: 3444 5c06 | 83f8 000f | 8432 0000 | 0048 8b74 | 2470 8b56 | 1448 c1e2 | 0366 0f1f 

  0x000001d191c68964: ;   {static_call}
  0x000001d191c68964: 4400 00e8 

  0x000001d191c68968: ; ImmutableOopMap {}
                      ;*invokestatic signalNext {reexecute=0 rethrow=0 return_oop=0}
                      ; - java.util.concurrent.locks.AbstractQueuedSynchronizer::releaseShared@12 (line 1095)
                      ; - java.util.concurrent.Semaphore::release@5 (line 432)
                      ; - net.minecraftforge.fml.earlydisplay.DisplayWindow::renderThreadFunc@224 (line 193)
  0x000001d191c68968: 345d d806 | b801 0000 | 0048 81c4 | a000 0000 

  0x000001d191c68978: ;   {poll_return}
  0x000001d191c68978: 5d49 3ba7 | 4803 0000 | 0f87 ad02 | 0000 c3b8 | 0000 0000 | 4881 c4a0 | 0000 005d 

  0x000001d191c68994: ;   {poll_return}
  0x000001d191c68994: 493b a748 | 0300 000f | 87a8 0200 | 00c3 498b | 87d8 0300 | 004d 33d2 | 4d89 97d8 | 0300 004d 
  0x000001d191c689b4: 33d2 4d89 | 97e0 0300 

  0x000001d191c689bc: ;   {oop("BARF"{0x00000007520439b0})}
  0x000001d191c689bc: 0049 b8b0 | 3904 5207 | 0000 004c 

  0x000001d191c689c8: ;   {oop(a 'org/apache/logging/slf4j/Log4jLogger'{0x00000007467df6e0})}
  0x000001d191c689c8: 8bc8 48ba | e0f6 7d46 | 0700 0000 

  0x000001d191c689d4: ;   {optimized virtual_call}
  0x000001d191c689d4: 6666 90e8 

  0x000001d191c689d8: ; ImmutableOopMap {[96]=Oop }
                      ;*invokeinterface error {reexecute=0 rethrow=0 return_oop=0}
                      ; - net.minecraftforge.fml.earlydisplay.DisplayWindow::renderThreadFunc@238 (line 190)
  0x000001d191c689d8: a443 5c06 | 488b 5424 | 608b 7258 | 48c1 e603 | 4883 fe00 | 0f84 1700 | 0000 48ba | 0000 0000 
  0x000001d191c689f8: 0000 0000 

  0x000001d191c689fc: ;   {static_call}
  0x000001d191c689fc: 6666 90e8 

  0x000001d191c68a00: ; ImmutableOopMap {[96]=Oop }
                      ;*invokestatic glfwMakeContextCurrent {reexecute=0 rethrow=0 return_oop=0}
                      ; - net.minecraftforge.fml.earlydisplay.DisplayWindow::renderThreadFunc@251 (line 192)
  0x000001d191c68a00: 7c49 5c06 | 488b 5424 | 6044 8b42 | 6c49 c1e0 | 0341 8b70 | 0c48 c1e6 | 0348 3b06 | 41b8 0100 
  0x000001d191c68a20: 0000 488b | d648 8974 | 2478 0f1f 

  0x000001d191c68a2c: ;   {optimized virtual_call}
  0x000001d191c68a2c: 4400 00e8 

  0x000001d191c68a30: ; ImmutableOopMap {[120]=Oop }
                      ;*invokevirtual tryReleaseShared {reexecute=0 rethrow=0 return_oop=0}
                      ; - java.util.concurrent.locks.AbstractQueuedSynchronizer::releaseShared@2 (line 1094)
                      ; - java.util.concurrent.Semaphore::release@5 (line 432)
                      ; - net.minecraftforge.fml.earlydisplay.DisplayWindow::renderThreadFunc@258 (line 193)
  0x000001d191c68a30: 4c43 5c06 | 83f8 000f | 8432 0000 | 0048 8b74 | 2478 8b56 | 1448 c1e2 | 0366 0f1f 

  0x000001d191c68a4c: ;   {static_call}
  0x000001d191c68a4c: 4400 00e8 

  0x000001d191c68a50: ; ImmutableOopMap {}
                      ;*invokestatic signalNext {reexecute=0 rethrow=0 return_oop=0}
                      ; - java.util.concurrent.locks.AbstractQueuedSynchronizer::releaseShared@12 (line 1095)
                      ; - java.util.concurrent.Semaphore::release@5 (line 432)
                      ; - net.minecraftforge.fml.earlydisplay.DisplayWindow::renderThreadFunc@258 (line 193)
  0x000001d191c68a50: 2c49 5c06 | b801 0000 | 0048 81c4 | a000 0000 

  0x000001d191c68a60: ;   {poll_return}
  0x000001d191c68a60: 5d49 3ba7 | 4803 0000 | 0f87 fb01 | 0000 c3b8 | 0000 0000 | 4881 c4a0 | 0000 005d 

  0x000001d191c68a7c: ;   {poll_return}
  0x000001d191c68a7c: 493b a748 | 0300 000f | 87f6 0100 | 00c3 488b | 5424 6049 | 8b87 d803 | 0000 4d33 | d24d 8997 
  0x000001d191c68a9c: d803 0000 | 4d33 d24d | 8997 e003 | 0000 8b72 | 5848 c1e6 | 0348 83fe | 0048 8984 | 2480 0000 
  0x000001d191c68abc: 000f 8416 | 0000 0048 | ba00 0000 | 0000 0000 

  0x000001d191c68acc: ;   {static_call}
  0x000001d191c68acc: 0066 90e8 

  0x000001d191c68ad0: ; ImmutableOopMap {[128]=Oop [96]=Oop }
                      ;*invokestatic glfwMakeContextCurrent {reexecute=0 rethrow=0 return_oop=0}
                      ; - net.minecraftforge.fml.earlydisplay.DisplayWindow::renderThreadFunc@273 (line 192)
  0x000001d191c68ad0: ac48 5c06 | 488b 5424 | 6044 8b42 | 6c49 c1e0 | 0341 8b70 | 0c48 c1e6 | 0348 3b06 | 41b8 0100 
  0x000001d191c68af0: 0000 488b | d648 89b4 | 2488 0000 

  0x000001d191c68afc: ;   {optimized virtual_call}
  0x000001d191c68afc: 0066 90e8 

  0x000001d191c68b00: ; ImmutableOopMap {[128]=Oop [136]=Oop }
                      ;*invokevirtual tryReleaseShared {reexecute=0 rethrow=0 return_oop=0}
                      ; - java.util.concurrent.locks.AbstractQueuedSynchronizer::releaseShared@2 (line 1094)
                      ; - java.util.concurrent.Semaphore::release@5 (line 432)
                      ; - net.minecraftforge.fml.earlydisplay.DisplayWindow::renderThreadFunc@280 (line 193)
  0x000001d191c68b00: 7c42 5c06 | 83f8 000f | 8499 0000 | 00e9 7600 | 0000 4881 | c4a0 0000 

  0x000001d191c68b18: ;   {poll_return}
  0x000001d191c68b18: 005d 493b | a748 0300 | 000f 8778 | 0100 00c3 | 488b 7424 | 688b 5614 | 48c1 e203 

  0x000001d191c68b34: ;   {static_call}
  0x000001d191c68b34: 6666 90e8 

  0x000001d191c68b38: ; ImmutableOopMap {}
                      ;*invokestatic signalNext {reexecute=0 rethrow=0 return_oop=0}
                      ; - java.util.concurrent.locks.AbstractQueuedSynchronizer::releaseShared@12 (line 1095)
                      ; - java.util.concurrent.Semaphore::release@5 (line 432)
                      ; - net.minecraftforge.fml.earlydisplay.DisplayWindow::renderThreadFunc@39 (line 193)
  0x000001d191c68b38: 645b d806 | ba01 0000 | 0048 81c4 | a000 0000 

  0x000001d191c68b48: ;   {poll_return}
  0x000001d191c68b48: 5d49 3ba7 | 4803 0000 | 0f87 5f01 | 0000 c3ba | 0000 0000 | 4881 c4a0 | 0000 005d 

  0x000001d191c68b64: ;   {poll_return}
  0x000001d191c68b64: 493b a748 | 0300 000f | 875a 0100 | 00c3 4881 | c4a0 0000 

  0x000001d191c68b78: ;   {poll_return}
  0x000001d191c68b78: 005d 493b | a748 0300 | 000f 875a | 0100 00c3 | 488b b424 | 8800 0000 | 8b56 1448 

  0x000001d191c68b94: ;   {static_call}
  0x000001d191c68b94: c1e2 03e8 

  0x000001d191c68b98: ; ImmutableOopMap {[128]=Oop }
                      ;*invokestatic signalNext {reexecute=0 rethrow=0 return_oop=0}
                      ; - java.util.concurrent.locks.AbstractQueuedSynchronizer::releaseShared@12 (line 1095)
                      ; - java.util.concurrent.Semaphore::release@5 (line 432)
                      ; - net.minecraftforge.fml.earlydisplay.DisplayWindow::renderThreadFunc@280 (line 193)
  0x000001d191c68b98: e447 5c06 | b801 0000 | 00e9 0500 | 0000 b800 | 0000 0048 | 8b84 2480 | 0000 00e9 | 5e01 0000 
  0x000001d191c68bb8: ;   {metadata({method} {0x000001d1ebe673f0} 'renderThreadFunc' '()V' in 'net/minecraftforge/fml/earlydisplay/DisplayWindow')}
  0x000001d191c68bb8: 49ba e873 | e6eb d101 | 0000 4c89 | 5424 0848 | c704 24ff 

  0x000001d191c68bcc: ;   {runtime_call counter_overflow Runtime1 stub}
  0x000001d191c68bcc: ffff ffe8 

  0x000001d191c68bd0: ; ImmutableOopMap {rdx=Oop [96]=Oop }
                      ;*synchronization entry
                      ; - net.minecraftforge.fml.earlydisplay.DisplayWindow::renderThreadFunc@-1 (line 167)
  0x000001d191c68bd0: 2c47 6706 | e97f faff 

  0x000001d191c68bd8: ;   {runtime_call throw_null_pointer_exception Runtime1 stub}
  0x000001d191c68bd8: ffe8 c216 

  0x000001d191c68bdc: ; ImmutableOopMap {rdx=Oop [96]=Oop }
                      ;*invokevirtual tryAcquire {reexecute=0 rethrow=0 return_oop=0}
                      ; - net.minecraftforge.fml.earlydisplay.DisplayWindow::renderThreadFunc@4 (line 167)
                      ;   {runtime_call throw_null_pointer_exception Runtime1 stub}
  0x000001d191c68bdc: 5e06 e8bd 

  0x000001d191c68be0: ; ImmutableOopMap {rdx=Oop [96]=Oop rsi=Oop }
                      ;*invokevirtual nonfairTryAcquireShared {reexecute=0 rethrow=0 return_oop=0}
                      ; - java.util.concurrent.Semaphore::tryAcquire@5 (line 369)
                      ; - net.minecraftforge.fml.earlydisplay.DisplayWindow::renderThreadFunc@4 (line 167)
                      ;   {runtime_call throw_null_pointer_exception Runtime1 stub}
  0x000001d191c68be0: 165e 06e8 

  0x000001d191c68be4: ; ImmutableOopMap {}
                      ;*invokevirtual release {reexecute=0 rethrow=0 return_oop=0}
                      ; - net.minecraftforge.fml.earlydisplay.DisplayWindow::renderThreadFunc@39 (line 193)
  0x000001d191c68be4: b816 5e06 

  0x000001d191c68be8: ;   {runtime_call throw_null_pointer_exception Runtime1 stub}
  0x000001d191c68be8: e8b3 165e 

  0x000001d191c68bec: ; ImmutableOopMap {rsi=Oop }
                      ;*invokevirtual releaseShared {reexecute=0 rethrow=0 return_oop=0}
                      ; - java.util.concurrent.Semaphore::release@5 (line 432)
                      ; - net.minecraftforge.fml.earlydisplay.DisplayWindow::renderThreadFunc@39 (line 193)
                      ;   {runtime_call throw_null_pointer_exception Runtime1 stub}
  0x000001d191c68bec: 06e8 ae16 

  0x000001d191c68bf0: ; ImmutableOopMap {rdx=Oop [96]=Oop }
                      ;*invokevirtual activate {reexecute=0 rethrow=0 return_oop=0}
                      ; - net.minecraftforge.fml.earlydisplay.DisplayWindow::renderThreadFunc@63 (line 177)
                      ;   {runtime_call throw_null_pointer_exception Runtime1 stub}
  0x000001d191c68bf0: 5e06 e8a9 

  0x000001d191c68bf4: ; ImmutableOopMap {rdx=Oop [96]=Oop r8=Oop }
                      ;*invokevirtual scaledWidth {reexecute=0 rethrow=0 return_oop=0}
                      ; - net.minecraftforge.fml.earlydisplay.DisplayWindow::renderThreadFunc@72 (line 178)
                      ;   {runtime_call throw_null_pointer_exception Runtime1 stub}
  0x000001d191c68bf4: 165e 06e8 

  0x000001d191c68bf8: ; ImmutableOopMap {rdx=Oop [96]=Oop }
                      ;*invokevirtual elementShader {reexecute=0 rethrow=0 return_oop=0}
                      ; - net.minecraftforge.fml.earlydisplay.DisplayWindow::renderThreadFunc@89 (line 179)
  0x000001d191c68bf8: a416 5e06 

  0x000001d191c68bfc: ;   {runtime_call throw_null_pointer_exception Runtime1 stub}
  0x000001d191c68bfc: e89f 165e 

  0x000001d191c68c00: ; ImmutableOopMap {rdx=Oop [96]=Oop }
                      ;*invokevirtual activate {reexecute=0 rethrow=0 return_oop=0}
                      ; - net.minecraftforge.fml.earlydisplay.DisplayWindow::renderThreadFunc@92 (line 179)
                      ;   {runtime_call throw_null_pointer_exception Runtime1 stub}
  0x000001d191c68c00: 06e8 9a16 

  0x000001d191c68c04: ; ImmutableOopMap {rdx=Oop [96]=Oop rsi=Oop }
                      ;*invokevirtual elementShader {reexecute=0 rethrow=0 return_oop=0}
                      ; - net.minecraftforge.fml.earlydisplay.DisplayWindow::renderThreadFunc@99 (line 180)
                      ;   {runtime_call throw_null_pointer_exception Runtime1 stub}
  0x000001d191c68c04: 5e06 e895 

  0x000001d191c68c08: ; ImmutableOopMap {rdx=Oop [96]=Oop }
                      ;*invokevirtual updateScreenSizeUniform {reexecute=0 rethrow=0 return_oop=0}
                      ; - net.minecraftforge.fml.earlydisplay.DisplayWindow::renderThreadFunc@116 (line 180)
                      ;   {runtime_call throw_null_pointer_exception Runtime1 stub}
  0x000001d191c68c08: 165e 06e8 

  0x000001d191c68c0c: ; ImmutableOopMap {rdx=Oop [96]=Oop }
                      ;*invokevirtual background {reexecute=0 rethrow=0 return_oop=0}
                      ; - net.minecraftforge.fml.earlydisplay.DisplayWindow::renderThreadFunc@123 (line 181)
  0x000001d191c68c0c: 9016 5e06 

  0x000001d191c68c10: ;   {runtime_call throw_null_pointer_exception Runtime1 stub}
  0x000001d191c68c10: e88b 165e 

  0x000001d191c68c14: ; ImmutableOopMap {rdx=Oop [96]=Oop rsi=Oop }
                      ;*invokevirtual redf {reexecute=0 rethrow=0 return_oop=0}
                      ; - net.minecraftforge.fml.earlydisplay.DisplayWindow::renderThreadFunc@126 (line 181)
                      ;   {runtime_call throw_null_pointer_exception Runtime1 stub}
  0x000001d191c68c14: 06e8 8616 

  0x000001d191c68c18: ; ImmutableOopMap {rdx=Oop [96]=Oop }
                      ;*invokevirtual elementShader {reexecute=0 rethrow=0 return_oop=0}
                      ; - net.minecraftforge.fml.earlydisplay.DisplayWindow::renderThreadFunc@161 (line 183)
                      ;   {runtime_call throw_null_pointer_exception Runtime1 stub}
  0x000001d191c68c18: 5e06 e881 

  0x000001d191c68c1c: ; ImmutableOopMap {rdx=Oop [96]=Oop }
                      ;*invokevirtual clear {reexecute=0 rethrow=0 return_oop=0}
                      ; - net.minecraftforge.fml.earlydisplay.DisplayWindow::renderThreadFunc@164 (line 183)
                      ;   {runtime_call throw_null_pointer_exception Runtime1 stub}
  0x000001d191c68c1c: 165e 06e8 

  0x000001d191c68c20: ; ImmutableOopMap {rdx=Oop [96]=Oop }
                      ;*invokevirtual deactivate {reexecute=0 rethrow=0 return_oop=0}
                      ; - net.minecraftforge.fml.earlydisplay.DisplayWindow::renderThreadFunc@171 (line 184)
  0x000001d191c68c20: 7c16 5e06 

  0x000001d191c68c24: ;   {runtime_call throw_null_pointer_exception Runtime1 stub}
  0x000001d191c68c24: e877 165e 

  0x000001d191c68c28: ; ImmutableOopMap {rdx=Oop [96]=Oop rsi=Oop }
                      ;*invokevirtual draw {reexecute=0 rethrow=0 return_oop=0}
                      ; - net.minecraftforge.fml.earlydisplay.DisplayWindow::renderThreadFunc@199 (line 186)
                      ;   {runtime_call throw_null_pointer_exception Runtime1 stub}
  0x000001d191c68c28: 06e8 7216 

  0x000001d191c68c2c: ; ImmutableOopMap {}
                      ;*invokevirtual release {reexecute=0 rethrow=0 return_oop=0}
                      ; - net.minecraftforge.fml.earlydisplay.DisplayWindow::renderThreadFunc@224 (line 193)
                      ;   {runtime_call throw_null_pointer_exception Runtime1 stub}
  0x000001d191c68c2c: 5e06 e86d 

  0x000001d191c68c30: ; ImmutableOopMap {rsi=Oop }
                      ;*invokevirtual releaseShared {reexecute=0 rethrow=0 return_oop=0}
                      ; - java.util.concurrent.Semaphore::release@5 (line 432)
                      ; - net.minecraftforge.fml.earlydisplay.DisplayWindow::renderThreadFunc@224 (line 193)
                      ;   {internal_word}
  0x000001d191c68c30: 165e 0649 | ba79 89c6 | 91d1 0100 | 004d 8997 | 6003 0000 

  0x000001d191c68c44: ;   {runtime_call SafepointBlob}
  0x000001d191c68c44: e9b7 a75c 

  0x000001d191c68c48: ;   {internal_word}
  0x000001d191c68c48: 0649 ba94 | 89c6 91d1 | 0100 004d | 8997 6003 

  0x000001d191c68c58: ;   {runtime_call SafepointBlob}
  0x000001d191c68c58: 0000 e9a1 

  0x000001d191c68c5c: ;   {runtime_call throw_null_pointer_exception Runtime1 stub}
  0x000001d191c68c5c: a75c 06e8 

  0x000001d191c68c60: ; ImmutableOopMap {}
                      ;*invokevirtual release {reexecute=0 rethrow=0 return_oop=0}
                      ; - net.minecraftforge.fml.earlydisplay.DisplayWindow::renderThreadFunc@258 (line 193)
  0x000001d191c68c60: 3c16 5e06 

  0x000001d191c68c64: ;   {runtime_call throw_null_pointer_exception Runtime1 stub}
  0x000001d191c68c64: e837 165e 

  0x000001d191c68c68: ; ImmutableOopMap {rsi=Oop }
                      ;*invokevirtual releaseShared {reexecute=0 rethrow=0 return_oop=0}
                      ; - java.util.concurrent.Semaphore::release@5 (line 432)
                      ; - net.minecraftforge.fml.earlydisplay.DisplayWindow::renderThreadFunc@258 (line 193)
                      ;   {internal_word}
  0x000001d191c68c68: 0649 ba61 | 8ac6 91d1 | 0100 004d | 8997 6003 

  0x000001d191c68c78: ;   {runtime_call SafepointBlob}
  0x000001d191c68c78: 0000 e981 

  0x000001d191c68c7c: ;   {internal_word}
  0x000001d191c68c7c: a75c 0649 | ba7c 8ac6 | 91d1 0100 | 004d 8997 | 6003 0000 

  0x000001d191c68c90: ;   {runtime_call SafepointBlob}
  0x000001d191c68c90: e96b a75c 

  0x000001d191c68c94: ;   {runtime_call throw_null_pointer_exception Runtime1 stub}
  0x000001d191c68c94: 06e8 0616 

  0x000001d191c68c98: ; ImmutableOopMap {[128]=Oop }
                      ;*invokevirtual release {reexecute=0 rethrow=0 return_oop=0}
                      ; - net.minecraftforge.fml.earlydisplay.DisplayWindow::renderThreadFunc@280 (line 193)
                      ;   {runtime_call throw_null_pointer_exception Runtime1 stub}
  0x000001d191c68c98: 5e06 e801 

  0x000001d191c68c9c: ; ImmutableOopMap {[128]=Oop rsi=Oop }
                      ;*invokevirtual releaseShared {reexecute=0 rethrow=0 return_oop=0}
                      ; - java.util.concurrent.Semaphore::release@5 (line 432)
                      ; - net.minecraftforge.fml.earlydisplay.DisplayWindow::renderThreadFunc@280 (line 193)
                      ;   {internal_word}
  0x000001d191c68c9c: 165e 0649 | ba1a 8bc6 | 91d1 0100 | 004d 8997 | 6003 0000 

  0x000001d191c68cb0: ;   {runtime_call SafepointBlob}
  0x000001d191c68cb0: e94b a75c 

  0x000001d191c68cb4: ;   {internal_word}
  0x000001d191c68cb4: 0649 ba49 | 8bc6 91d1 | 0100 004d | 8997 6003 

  0x000001d191c68cc4: ;   {runtime_call SafepointBlob}
  0x000001d191c68cc4: 0000 e935 

  0x000001d191c68cc8: ;   {internal_word}
  0x000001d191c68cc8: a75c 0649 | ba64 8bc6 | 91d1 0100 | 004d 8997 | 6003 0000 

  0x000001d191c68cdc: ;   {runtime_call SafepointBlob}
  0x000001d191c68cdc: e91f a75c 

  0x000001d191c68ce0: ;   {internal_word}
  0x000001d191c68ce0: 0649 ba7a | 8bc6 91d1 | 0100 004d | 8997 6003 

  0x000001d191c68cf0: ;   {runtime_call SafepointBlob}
  0x000001d191c68cf0: 0000 e909 | a75c 0690 | 9049 8b87 | d803 0000 | 49c7 87d8 | 0300 0000 | 0000 0049 | c787 e003 
  0x000001d191c68d10: 0000 0000 | 0000 4881 | c4a0 0000 

  0x000001d191c68d1c: ;   {runtime_call unwind_exception Runtime1 stub}
  0x000001d191c68d1c: 005d e95d | 245e 06f4 | f4f4 f4f4 | f4f4 f4f4 | f4f4 f4f4 | f4f4 f4f4 | f4f4 f4f4 | f4f4 f4f4 
  0x000001d191c68d3c: f4f4 f4f4 
[Stub Code]
  0x000001d191c68d40: ;   {no_reloc}
  0x000001d191c68d40: 0f1f 4400 

  0x000001d191c68d44: ;   {static_stub}
  0x000001d191c68d44: 0048 bb00 | 0000 0000 

  0x000001d191c68d4c: ;   {runtime_call}
  0x000001d191c68d4c: 0000 00e9 | fbff ffff 

  0x000001d191c68d54: ;   {static_stub}
  0x000001d191c68d54: 9048 bb90 | 7afd edd1 

  0x000001d191c68d5c: ;   {runtime_call I2C/C2I adapters}
  0x000001d191c68d5c: 0100 00e9 | f566 5a06 

  0x000001d191c68d64: ;   {static_stub}
  0x000001d191c68d64: 9048 bb00 | 0000 0000 

  0x000001d191c68d6c: ;   {runtime_call}
  0x000001d191c68d6c: 0000 00e9 | fbff ffff 

  0x000001d191c68d74: ;   {static_stub}
  0x000001d191c68d74: 9048 bb90 | 7afd edd1 

  0x000001d191c68d7c: ;   {runtime_call I2C/C2I adapters}
  0x000001d191c68d7c: 0100 00e9 | d566 5a06 

  0x000001d191c68d84: ;   {static_stub}
  0x000001d191c68d84: 9048 bb00 | 0000 0000 

  0x000001d191c68d8c: ;   {runtime_call}
  0x000001d191c68d8c: 0000 00e9 | fbff ffff 

  0x000001d191c68d94: ;   {static_stub}
  0x000001d191c68d94: 9048 bba8 | 8306 ecd1 

  0x000001d191c68d9c: ;   {runtime_call I2C/C2I adapters}
  0x000001d191c68d9c: 0100 00e9 | 3fd3 5b06 

  0x000001d191c68da4: ;   {static_stub}
  0x000001d191c68da4: 9048 bb08 | cb03 ecd1 

  0x000001d191c68dac: ;   {runtime_call I2C/C2I adapters}
  0x000001d191c68dac: 0100 00e9 | a48c 5c06 

  0x000001d191c68db4: ;   {static_stub}
  0x000001d191c68db4: 9048 bb38 | cd03 ecd1 

  0x000001d191c68dbc: ;   {runtime_call I2C/C2I adapters}
  0x000001d191c68dbc: 0100 00e9 | 1ec0 7106 

  0x000001d191c68dc4: ;   {static_stub}
  0x000001d191c68dc4: 9048 bbf0 | f105 ecd1 

  0x000001d191c68dcc: ;   {runtime_call I2C/C2I adapters}
  0x000001d191c68dcc: 0100 00e9 | 9532 6b06 

  0x000001d191c68dd4: ;   {static_stub}
  0x000001d191c68dd4: 9048 bbe0 | 77e6 ebd1 

  0x000001d191c68ddc: ;   {runtime_call I2C/C2I adapters}
  0x000001d191c68ddc: 0100 00e9 | 7589 5c06 

  0x000001d191c68de4: ;   {static_stub}
  0x000001d191c68de4: 9048 bb08 | cb03 ecd1 

  0x000001d191c68dec: ;   {runtime_call I2C/C2I adapters}
  0x000001d191c68dec: 0100 00e9 | 648c 5c06 

  0x000001d191c68df4: ;   {static_stub}
  0x000001d191c68df4: 9048 bb00 | 0000 0000 

  0x000001d191c68dfc: ;   {runtime_call}
  0x000001d191c68dfc: 0000 00e9 | fbff ffff 

  0x000001d191c68e04: ;   {static_stub}
  0x000001d191c68e04: 9048 bba8 | 8306 ecd1 

  0x000001d191c68e0c: ;   {runtime_call I2C/C2I adapters}
  0x000001d191c68e0c: 0100 00e9 | cfd2 5b06 

  0x000001d191c68e14: ;   {static_stub}
  0x000001d191c68e14: 9048 bb70 | ab08 ecd1 

  0x000001d191c68e1c: ;   {runtime_call I2C/C2I adapters}
  0x000001d191c68e1c: 0100 00e9 | 3d87 5a06 

  0x000001d191c68e24: ;   {static_stub}
  0x000001d191c68e24: 9048 bb38 | 7cfd edd1 

  0x000001d191c68e2c: ;   {runtime_call I2C/C2I adapters}
  0x000001d191c68e2c: 0100 00e9 | 2566 5a06 

  0x000001d191c68e34: ;   {static_stub}
  0x000001d191c68e34: 9048 bb90 | 7afd edd1 

  0x000001d191c68e3c: ;   {runtime_call I2C/C2I adapters}
  0x000001d191c68e3c: 0100 00e9 | 1566 5a06 

  0x000001d191c68e44: ;   {static_stub}
  0x000001d191c68e44: 9048 bb00 | 0000 0000 

  0x000001d191c68e4c: ;   {runtime_call}
  0x000001d191c68e4c: 0000 00e9 | fbff ffff 

  0x000001d191c68e54: ;   {static_stub}
  0x000001d191c68e54: 9048 bb00 | 0000 0000 

  0x000001d191c68e5c: ;   {runtime_call}
  0x000001d191c68e5c: 0000 00e9 | fbff ffff 

  0x000001d191c68e64: ;   {static_stub}
  0x000001d191c68e64: 9048 bb00 | 0000 0000 

  0x000001d191c68e6c: ;   {runtime_call}
  0x000001d191c68e6c: 0000 00e9 | fbff ffff 

  0x000001d191c68e74: ;   {static_stub}
  0x000001d191c68e74: 9048 bb00 | 0000 0000 

  0x000001d191c68e7c: ;   {runtime_call}
  0x000001d191c68e7c: 0000 00e9 | fbff ffff 

  0x000001d191c68e84: ;   {static_stub}
  0x000001d191c68e84: 9048 bb00 | 0000 0000 

  0x000001d191c68e8c: ;   {runtime_call}
  0x000001d191c68e8c: 0000 00e9 | fbff ffff 

  0x000001d191c68e94: ;   {static_stub}
  0x000001d191c68e94: 9048 bb00 | 0000 0000 

  0x000001d191c68e9c: ;   {runtime_call}
  0x000001d191c68e9c: 0000 00e9 | fbff ffff 

  0x000001d191c68ea4: ;   {static_stub}
  0x000001d191c68ea4: 9048 bb00 | 0000 0000 

  0x000001d191c68eac: ;   {runtime_call}
  0x000001d191c68eac: 0000 00e9 | fbff ffff 

  0x000001d191c68eb4: ;   {static_stub}
  0x000001d191c68eb4: 9048 bb00 | 0000 0000 

  0x000001d191c68ebc: ;   {runtime_call}
  0x000001d191c68ebc: 0000 00e9 | fbff ffff 

  0x000001d191c68ec4: ;   {static_stub}
  0x000001d191c68ec4: 9048 bb00 | 0000 0000 

  0x000001d191c68ecc: ;   {runtime_call}
  0x000001d191c68ecc: 0000 00e9 | fbff ffff 

  0x000001d191c68ed4: ;   {static_stub}
  0x000001d191c68ed4: 9048 bb00 | 0000 0000 

  0x000001d191c68edc: ;   {runtime_call}
  0x000001d191c68edc: 0000 00e9 | fbff ffff 
[Exception Handler]
  0x000001d191c68ee4: ;   {runtime_call handle_exception_from_callee Runtime1 stub}
  0x000001d191c68ee4: e897 f55d 

  0x000001d191c68ee8: ;   {external_word}
  0x000001d191c68ee8: 0648 b990 | f0de 5afa | 7f00 0048 

  0x000001d191c68ef4: ;   {runtime_call}
  0x000001d191c68ef4: 83e4 f049 | ba20 ffac | 5afa 7f00 | 0041 ffd2 

  0x000001d191c68f04: ;   {section_word}
  0x000001d191c68f04: f449 ba05 | 8fc6 91d1 | 0100 0041 

  0x000001d191c68f10: ;   {runtime_call DeoptimizationBlob}
  0x000001d191c68f10: 52e9 8a97 | 5c06 f4f4 
[/MachCode]


---------------  P R O C E S S  ---------------

Threads class SMR info:
_java_thread_list=0x000001d27d9a3150, length=35, elements={
0x000001d189402300, 0x000001d1a93877d0, 0x000001d1a938a1f0, 0x000001d1a93a4fe0,
0x000001d1a93a78d0, 0x000001d1a93a7db0, 0x000001d1a93a8290, 0x000001d1a93a8b50,
0x000001d1a93dd190, 0x000001d1a94a4d30, 0x000001d1a94f4990, 0x000001d1a9634960,
0x000001d1ef9fcbf0, 0x000001d1ef9fe540, 0x000001d1efa003a0, 0x000001d1a95e5160,
0x000001d1a95e6ab0, 0x000001d1a95e9840, 0x000001d1a95eac80, 0x000001d1a95e6fc0,
0x000001d1a95ea260, 0x000001d1a95eb6a0, 0x000001d278013050, 0x000001d279efd4c0,
0x000001d279effd40, 0x000001d1ef9ffe90, 0x000001d27dc67d30, 0x000001d27dc6a0a0,
0x000001d1ef9fd610, 0x000001d27d4fb060, 0x000001d279efd9d0, 0x000001d27dc668f0,
0x000001d27d4fd3d0, 0x000001d27d4fbf90, 0x000001d2774c77d0
}

Java Threads: ( => current thread )
  0x000001d189402300 JavaThread "Ixeris Event Polling Thread" [_thread_blocked, id=16472, stack(0x00000048a6a00000,0x00000048a6b00000)]
  0x000001d1a93877d0 JavaThread "Reference Handler" daemon [_thread_blocked, id=17080, stack(0x00000048a7100000,0x00000048a7200000)]
  0x000001d1a938a1f0 JavaThread "Finalizer" daemon [_thread_blocked, id=6220, stack(0x00000048a7200000,0x00000048a7300000)]
  0x000001d1a93a4fe0 JavaThread "Signal Dispatcher" daemon [_thread_blocked, id=17364, stack(0x00000048a7300000,0x00000048a7400000)]
  0x000001d1a93a78d0 JavaThread "Attach Listener" daemon [_thread_blocked, id=17292, stack(0x00000048a7400000,0x00000048a7500000)]
  0x000001d1a93a7db0 JavaThread "Service Thread" daemon [_thread_blocked, id=1132, stack(0x00000048a7500000,0x00000048a7600000)]
  0x000001d1a93a8290 JavaThread "Monitor Deflation Thread" daemon [_thread_blocked, id=18412, stack(0x00000048a7600000,0x00000048a7700000)]
  0x000001d1a93a8b50 JavaThread "C2 CompilerThread0" daemon [_thread_in_native, id=6984, stack(0x00000048a7700000,0x00000048a7800000)]
  0x000001d1a93dd190 JavaThread "C1 CompilerThread0" daemon [_thread_blocked, id=14304, stack(0x00000048a7800000,0x00000048a7900000)]
  0x000001d1a94a4d30 JavaThread "Sweeper thread" daemon [_thread_blocked, id=16700, stack(0x00000048a7900000,0x00000048a7a00000)]
  0x000001d1a94f4990 JavaThread "Common-Cleaner" daemon [_thread_blocked, id=10972, stack(0x00000048a7a00000,0x00000048a7b00000)]
  0x000001d1a9634960 JavaThread "Notification Thread" daemon [_thread_blocked, id=18232, stack(0x00000048a7b00000,0x00000048a7c00000)]
  0x000001d1ef9fcbf0 JavaThread "pool-2-thread-1" daemon [_thread_blocked, id=18168, stack(0x00000048a8300000,0x00000048a8400000)]
  0x000001d1ef9fe540 JavaThread "Thread-1" daemon [_thread_blocked, id=8420, stack(0x00000048a8b00000,0x00000048a8c00000)]
  0x000001d1efa003a0 JavaThread "JNA Cleaner" daemon [_thread_blocked, id=16592, stack(0x00000048a8c00000,0x00000048a8d00000)]
  0x000001d1a95e5160 JavaThread "FileSystemWatchService" daemon [_thread_in_native, id=16016, stack(0x00000048a8f00000,0x00000048a9000000)]
  0x000001d1a95e6ab0 JavaThread "Thread-3" daemon [_thread_in_native, id=9404, stack(0x00000048a9000000,0x00000048a9100000)]
  0x000001d1a95e9840 JavaThread "Thread-4" daemon [_thread_in_native, id=15236, stack(0x00000048a9100000,0x00000048a9200000)]
  0x000001d1a95eac80 JavaThread "Thread-5" daemon [_thread_in_native, id=8792, stack(0x00000048a9200000,0x00000048a9300000)]
  0x000001d1a95e6fc0 JavaThread "Thread-6" daemon [_thread_in_native, id=5752, stack(0x00000048a9300000,0x00000048a9400000)]
  0x000001d1a95ea260 JavaThread "Thread-7" daemon [_thread_in_native, id=5552, stack(0x00000048a9400000,0x00000048a9500000)]
  0x000001d1a95eb6a0 JavaThread "Thread-8" daemon [_thread_blocked, id=13624, stack(0x00000048a9500000,0x00000048a9600000)]
  0x000001d278013050 JavaThread "HttpClient-1-SelectorManager" daemon [_thread_in_native, id=16860, stack(0x00000048a6900000,0x00000048a6a00000)]
  0x000001d279efd4c0 JavaThread "Timer hack thread" daemon [_thread_blocked, id=10980, stack(0x00000048a9600000,0x00000048a9700000)]
=>0x000001d279effd40 JavaThread "Render thread" [_thread_in_native, id=6540, stack(0x00000048a9900000,0x00000048a9a00000)]
  0x000001d1ef9ffe90 JavaThread "Yggdrasil Key Fetcher" daemon [_thread_blocked, id=14320, stack(0x00000048a9a00000,0x00000048a9b00000)]
  0x000001d27dc67d30 JavaThread "Cleaner-0" daemon [_thread_blocked, id=12504, stack(0x00000048a9c00000,0x00000048a9d00000)]
  0x000001d27dc6a0a0 JavaThread "Java2D Disposer" daemon [_thread_blocked, id=17272, stack(0x00000048a7d00000,0x00000048a7e00000)]
  0x000001d1ef9fd610 JavaThread "modloading-worker-0" daemon [_thread_in_vm, id=7500, stack(0x00000048a8a00000,0x00000048a8b00000)]
  0x000001d27d4fb060 JavaThread "modloading-worker-0" daemon [_thread_blocked, id=17460, stack(0x00000048a9e00000,0x00000048a9f00000)]
  0x000001d279efd9d0 JavaThread "modloading-worker-0" daemon [_thread_in_native, id=17544, stack(0x00000048a9f00000,0x00000048aa000000)]
  0x000001d27dc668f0 JavaThread "modloading-worker-0" daemon [_thread_in_Java, id=2900, stack(0x00000048aa000000,0x00000048aa100000)]
  0x000001d27d4fd3d0 JavaThread "FileSystemWatchService" daemon [_thread_in_native, id=7960, stack(0x00000048a6800000,0x00000048a6900000)]
  0x000001d27d4fbf90 JavaThread "JEI Config File Watcher" daemon [_thread_blocked, id=14092, stack(0x00000048aa100000,0x00000048aa200000)]
  0x000001d2774c77d0 JavaThread "C2 CompilerThread1" daemon [_thread_in_native, id=14788, stack(0x00000048a9d00000,0x00000048a9e00000)]

Other Threads:
  0x000001d1a937f240 VMThread "VM Thread" [stack: 0x00000048a7000000,0x00000048a7100000] [id=17732]
  0x000001d189402d10 WatcherThread [stack: 0x00000048a7c00000,0x00000048a7d00000] [id=14240]
  0x000001d18945a5c0 GCTaskThread "GC Thread#0" [stack: 0x00000048a6b00000,0x00000048a6c00000] [id=16120]
  0x000001d1eff5f990 GCTaskThread "GC Thread#1" [stack: 0x00000048a7e00000,0x00000048a7f00000] [id=16480]
  0x000001d1a9bdd4a0 GCTaskThread "GC Thread#2" [stack: 0x00000048a7f00000,0x00000048a8000000] [id=8248]
  0x000001d1a950e620 GCTaskThread "GC Thread#3" [stack: 0x00000048a8000000,0x00000048a8100000] [id=9584]
  0x000001d189468970 ConcurrentGCThread "G1 Main Marker" [stack: 0x00000048a6c00000,0x00000048a6d00000] [id=17760]
  0x000001d189469030 ConcurrentGCThread "G1 Conc#0" [stack: 0x00000048a6d00000,0x00000048a6e00000] [id=472]
  0x000001d1894bd2e0 ConcurrentGCThread "G1 Refine#0" [stack: 0x00000048a6e00000,0x00000048a6f00000] [id=4904]
  0x000001d27ca529d0 ConcurrentGCThread "G1 Refine#1" [stack: 0x00000048a9700000,0x00000048a9800000] [id=18140]
  0x000001d27ca4ef10 ConcurrentGCThread "G1 Refine#2" [stack: 0x00000048a9800000,0x00000048a9900000] [id=12652]
  0x000001d1894bd9c0 ConcurrentGCThread "G1 Service" [stack: 0x00000048a6f00000,0x00000048a7000000] [id=11952]

Threads with active compile tasks:
C2 CompilerThread0   145358 25808   !   4       java.lang.invoke.AbstractValidatingLambdaMetafactory::<init> (559 bytes)
C2 CompilerThread1   145358 25813       4       java.lang.invoke.AbstractValidatingLambdaMetafactory::validateMetafactoryArgs (607 bytes)

VM state: not at safepoint (normal execution)

VM Mutex/Monitor currently owned by a thread: None

Heap address: 0x0000000740000000, size: 3072 MB, Compressed Oops mode: Zero based, Oop shift amount: 3

CDS archive(s) mapped at: [0x000001d1aa000000-0x000001d1aabd0000-0x000001d1aabd0000), size 12386304, SharedBaseAddress: 0x000001d1aa000000, ArchiveRelocationMode: 1.
Compressed class space mapped at: 0x000001d1ab000000-0x000001d1eb000000, reserved size: 1073741824
Narrow klass base: 0x000001d1aa000000, Narrow klass shift: 0, Narrow klass range: 0x100000000

GC Precious Log:
 CPUs: 4 total, 4 available
 Memory: 8087M
 Large Page Support: Disabled
 NUMA Support: Disabled
 Compressed Oops: Enabled (Zero based)
 Heap Region Size: 2M
 Heap Min Capacity: 466M
 Heap Initial Capacity: 466M
 Heap Max Capacity: 3G
 Pre-touch: Disabled
 Parallel Workers: 4
 Concurrent Workers: 1
 Concurrent Refinement Workers: 4
 Periodic GC: Disabled

Heap:
 garbage-first heap   total 1191936K, used 851078K [0x0000000740000000, 0x0000000800000000)
  region size 2048K, 159 young (325632K), 19 survivors (38912K)
 Metaspace       used 143083K, committed 145600K, reserved 1179648K
  class space    used 22720K, committed 23808K, reserved 1048576K

Heap Regions: E=young(eden), S=young(survivor), O=old, HS=humongous(starts), HC=humongous(continues), CS=collection set, F=free, OA=open archive, CA=closed archive, TAMS=top-at-mark-start (previous, next)
|   0|0x0000000740000000, 0x0000000740200000, 0x0000000740200000|100%|HS|  |TAMS 0x0000000740200000, 0x0000000740000000| Complete 
|   1|0x0000000740200000, 0x0000000740400000, 0x0000000740400000|100%|HS|  |TAMS 0x0000000740400000, 0x0000000740200000| Complete 
|   2|0x0000000740400000, 0x0000000740600000, 0x0000000740600000|100%|HS|  |TAMS 0x0000000740600000, 0x0000000740400000| Complete 
|   3|0x0000000740600000, 0x0000000740800000, 0x0000000740800000|100%|HC|  |TAMS 0x0000000740800000, 0x0000000740600000| Complete 
|   4|0x0000000740800000, 0x0000000740a00000, 0x0000000740a00000|100%|HS|  |TAMS 0x0000000740a00000, 0x0000000740800000| Complete 
|   5|0x0000000740a00000, 0x0000000740c00000, 0x0000000740c00000|100%|HS|  |TAMS 0x0000000740c00000, 0x0000000740a00000| Complete 
|   6|0x0000000740c00000, 0x0000000740e00000, 0x0000000740e00000|100%|HS|  |TAMS 0x0000000740e00000, 0x0000000740c00000| Complete 
|   7|0x0000000740e00000, 0x0000000741000000, 0x0000000741000000|100%| O|  |TAMS 0x0000000741000000, 0x0000000740e00000| Untracked 
|   8|0x0000000741000000, 0x0000000741200000, 0x0000000741200000|100%| O|  |TAMS 0x0000000741200000, 0x0000000741000000| Untracked 
|   9|0x0000000741200000, 0x0000000741400000, 0x0000000741400000|100%| O|  |TAMS 0x0000000741400000, 0x0000000741200000| Untracked 
|  10|0x0000000741400000, 0x0000000741600000, 0x0000000741600000|100%| O|  |TAMS 0x0000000741600000, 0x0000000741400000| Untracked 
|  11|0x0000000741600000, 0x0000000741800000, 0x0000000741800000|100%| O|  |TAMS 0x0000000741800000, 0x0000000741600000| Untracked 
|  12|0x0000000741800000, 0x0000000741a00000, 0x0000000741a00000|100%|HS|  |TAMS 0x0000000741a00000, 0x0000000741800000| Complete 
|  13|0x0000000741a00000, 0x0000000741c00000, 0x0000000741c00000|100%|HS|  |TAMS 0x0000000741c00000, 0x0000000741a00000| Complete 
|  14|0x0000000741c00000, 0x0000000741e00000, 0x0000000741e00000|100%| O|  |TAMS 0x0000000741e00000, 0x0000000741c00000| Untracked 
|  15|0x0000000741e00000, 0x0000000742000000, 0x0000000742000000|100%| O|  |TAMS 0x0000000742000000, 0x0000000741e00000| Untracked 
|  16|0x0000000742000000, 0x0000000742200000, 0x0000000742200000|100%| O|  |TAMS 0x0000000742200000, 0x0000000742000000| Untracked 
|  17|0x0000000742200000, 0x0000000742400000, 0x0000000742400000|100%| O|  |TAMS 0x0000000742400000, 0x0000000742200000| Untracked 
|  18|0x0000000742400000, 0x0000000742600000, 0x0000000742600000|100%| O|  |TAMS 0x0000000742600000, 0x0000000742400000| Untracked 
|  19|0x0000000742600000, 0x0000000742800000, 0x0000000742800000|100%| O|  |TAMS 0x0000000742800000, 0x0000000742600000| Untracked 
|  20|0x0000000742800000, 0x0000000742a00000, 0x0000000742a00000|100%| O|  |TAMS 0x0000000742a00000, 0x0000000742800000| Untracked 
|  21|0x0000000742a00000, 0x0000000742c00000, 0x0000000742c00000|100%| O|  |TAMS 0x0000000742c00000, 0x0000000742a00000| Untracked 
|  22|0x0000000742c00000, 0x0000000742e00000, 0x0000000742e00000|100%| O|  |TAMS 0x0000000742e00000, 0x0000000742c00000| Untracked 
|  23|0x0000000742e00000, 0x0000000743000000, 0x0000000743000000|100%| O|  |TAMS 0x0000000743000000, 0x0000000742e00000| Untracked 
|  24|0x0000000743000000, 0x0000000743200000, 0x0000000743200000|100%| O|  |TAMS 0x0000000743200000, 0x0000000743000000| Untracked 
|  25|0x0000000743200000, 0x0000000743400000, 0x0000000743400000|100%|HS|  |TAMS 0x0000000743400000, 0x0000000743200000| Complete 
|  26|0x0000000743400000, 0x0000000743600000, 0x0000000743600000|100%|HS|  |TAMS 0x0000000743600000, 0x0000000743400000| Complete 
|  27|0x0000000743600000, 0x0000000743800000, 0x0000000743800000|100%|HC|  |TAMS 0x0000000743800000, 0x0000000743600000| Complete 
|  28|0x0000000743800000, 0x0000000743a00000, 0x0000000743a00000|100%|HS|  |TAMS 0x0000000743a00000, 0x0000000743800000| Complete 
|  29|0x0000000743a00000, 0x0000000743c00000, 0x0000000743c00000|100%|HS|  |TAMS 0x0000000743c00000, 0x0000000743a00000| Complete 
|  30|0x0000000743c00000, 0x0000000743e00000, 0x0000000743e00000|100%|HS|  |TAMS 0x0000000743e00000, 0x0000000743c00000| Complete 
|  31|0x0000000743e00000, 0x0000000744000000, 0x0000000744000000|100%|HS|  |TAMS 0x0000000744000000, 0x0000000743e00000| Complete 
|  32|0x0000000744000000, 0x0000000744200000, 0x0000000744200000|100%|HS|  |TAMS 0x0000000744200000, 0x0000000744000000| Complete 
|  33|0x0000000744200000, 0x0000000744400000, 0x0000000744400000|100%|HS|  |TAMS 0x0000000744400000, 0x0000000744200000| Complete 
|  34|0x0000000744400000, 0x0000000744600000, 0x0000000744600000|100%|HS|  |TAMS 0x0000000744600000, 0x0000000744400000| Complete 
|  35|0x0000000744600000, 0x0000000744800000, 0x0000000744800000|100%|HS|  |TAMS 0x0000000744800000, 0x0000000744600000| Complete 
|  36|0x0000000744800000, 0x0000000744a00000, 0x0000000744a00000|100%| O|  |TAMS 0x0000000744a00000, 0x0000000744800000| Untracked 
|  37|0x0000000744a00000, 0x0000000744c00000, 0x0000000744c00000|100%|HS|  |TAMS 0x0000000744c00000, 0x0000000744a00000| Complete 
|  38|0x0000000744c00000, 0x0000000744e00000, 0x0000000744e00000|100%|HC|  |TAMS 0x0000000744e00000, 0x0000000744c00000| Complete 
|  39|0x0000000744e00000, 0x0000000745000000, 0x0000000745000000|100%|HC|  |TAMS 0x0000000745000000, 0x0000000744e00000| Complete 
|  40|0x0000000745000000, 0x0000000745200000, 0x0000000745200000|100%|HS|  |TAMS 0x0000000745200000, 0x0000000745000000| Complete 
|  41|0x0000000745200000, 0x0000000745400000, 0x0000000745400000|100%|HC|  |TAMS 0x0000000745400000, 0x0000000745200000| Complete 
|  42|0x0000000745400000, 0x0000000745600000, 0x0000000745600000|100%|HC|  |TAMS 0x0000000745600000, 0x0000000745400000| Complete 
|  43|0x0000000745600000, 0x0000000745800000, 0x0000000745800000|100%| O|  |TAMS 0x0000000745800000, 0x0000000745600000| Untracked 
|  44|0x0000000745800000, 0x0000000745a00000, 0x0000000745a00000|100%| O|  |TAMS 0x0000000745a00000, 0x0000000745800000| Untracked 
|  45|0x0000000745a00000, 0x0000000745c00000, 0x0000000745c00000|100%| O|  |TAMS 0x0000000745c00000, 0x0000000745a00000| Untracked 
|  46|0x0000000745c00000, 0x0000000745e00000, 0x0000000745e00000|100%| O|  |TAMS 0x0000000745e00000, 0x0000000745c00000| Untracked 
|  47|0x0000000745e00000, 0x0000000746000000, 0x0000000746000000|100%| O|  |TAMS 0x0000000746000000, 0x0000000745e00000| Untracked 
|  48|0x0000000746000000, 0x0000000746200000, 0x0000000746200000|100%| O|  |TAMS 0x0000000746200000, 0x0000000746000000| Untracked 
|  49|0x0000000746200000, 0x0000000746400000, 0x0000000746400000|100%| O|  |TAMS 0x0000000746400000, 0x0000000746200000| Untracked 
|  50|0x0000000746400000, 0x0000000746600000, 0x0000000746600000|100%| O|  |TAMS 0x0000000746600000, 0x0000000746400000| Untracked 
|  51|0x0000000746600000, 0x0000000746800000, 0x0000000746800000|100%| O|  |TAMS 0x0000000746800000, 0x0000000746600000| Untracked 
|  52|0x0000000746800000, 0x0000000746a00000, 0x0000000746a00000|100%|HS|  |TAMS 0x0000000746a00000, 0x0000000746800000| Complete 
|  53|0x0000000746a00000, 0x0000000746c00000, 0x0000000746c00000|100%|HS|  |TAMS 0x0000000746c00000, 0x0000000746a00000| Complete 
|  54|0x0000000746c00000, 0x0000000746e00000, 0x0000000746e00000|100%| O|  |TAMS 0x0000000746e00000, 0x0000000746c00000| Untracked 
|  55|0x0000000746e00000, 0x0000000747000000, 0x0000000747000000|100%|HS|  |TAMS 0x0000000747000000, 0x0000000746e00000| Complete 
|  56|0x0000000747000000, 0x0000000747200000, 0x0000000747200000|100%|HC|  |TAMS 0x0000000747200000, 0x0000000747000000| Complete 
|  57|0x0000000747200000, 0x0000000747400000, 0x0000000747400000|100%|HC|  |TAMS 0x0000000747400000, 0x0000000747200000| Complete 
|  58|0x0000000747400000, 0x0000000747600000, 0x0000000747600000|100%| O|  |TAMS 0x0000000747600000, 0x0000000747400000| Untracked 
|  59|0x0000000747600000, 0x0000000747800000, 0x0000000747800000|100%| O|  |TAMS 0x0000000747800000, 0x0000000747600000| Untracked 
|  60|0x0000000747800000, 0x0000000747a00000, 0x0000000747a00000|100%| O|  |TAMS 0x0000000747a00000, 0x0000000747800000| Untracked 
|  61|0x0000000747a00000, 0x0000000747c00000, 0x0000000747c00000|100%|HS|  |TAMS 0x0000000747c00000, 0x0000000747a00000| Complete 
|  62|0x0000000747c00000, 0x0000000747e00000, 0x0000000747e00000|100%|HC|  |TAMS 0x0000000747e00000, 0x0000000747c00000| Complete 
|  63|0x0000000747e00000, 0x0000000748000000, 0x0000000748000000|100%| O|  |TAMS 0x0000000748000000, 0x0000000747e00000| Untracked 
|  64|0x0000000748000000, 0x0000000748200000, 0x0000000748200000|100%| O|  |TAMS 0x0000000748200000, 0x0000000748000000| Untracked 
|  65|0x0000000748200000, 0x0000000748400000, 0x0000000748400000|100%| O|  |TAMS 0x0000000748400000, 0x0000000748200000| Untracked 
|  66|0x0000000748400000, 0x0000000748600000, 0x0000000748600000|100%| O|  |TAMS 0x0000000748600000, 0x0000000748400000| Untracked 
|  67|0x0000000748600000, 0x0000000748800000, 0x0000000748800000|100%| O|  |TAMS 0x0000000748800000, 0x0000000748600000| Untracked 
|  68|0x0000000748800000, 0x0000000748a00000, 0x0000000748a00000|100%| O|  |TAMS 0x0000000748a00000, 0x0000000748800000| Untracked 
|  69|0x0000000748a00000, 0x0000000748c00000, 0x0000000748c00000|100%| O|  |TAMS 0x0000000748c00000, 0x0000000748a00000| Untracked 
|  70|0x0000000748c00000, 0x0000000748e00000, 0x0000000748e00000|100%| O|  |TAMS 0x0000000748e00000, 0x0000000748c00000| Untracked 
|  71|0x0000000748e00000, 0x0000000749000000, 0x0000000749000000|100%| O|  |TAMS 0x0000000749000000, 0x0000000748e00000| Untracked 
|  72|0x0000000749000000, 0x0000000749200000, 0x0000000749200000|100%| O|  |TAMS 0x0000000749200000, 0x0000000749000000| Untracked 
|  73|0x0000000749200000, 0x0000000749400000, 0x0000000749400000|100%| O|  |TAMS 0x0000000749400000, 0x0000000749200000| Untracked 
|  74|0x0000000749400000, 0x0000000749600000, 0x0000000749600000|100%| O|  |TAMS 0x0000000749600000, 0x0000000749400000| Untracked 
|  75|0x0000000749600000, 0x0000000749800000, 0x0000000749800000|100%| O|  |TAMS 0x0000000749800000, 0x0000000749600000| Untracked 
|  76|0x0000000749800000, 0x0000000749a00000, 0x0000000749a00000|100%| O|  |TAMS 0x0000000749a00000, 0x0000000749800000| Untracked 
|  77|0x0000000749a00000, 0x0000000749c00000, 0x0000000749c00000|100%| O|  |TAMS 0x0000000749c00000, 0x0000000749a00000| Untracked 
|  78|0x0000000749c00000, 0x0000000749e00000, 0x0000000749e00000|100%| O|  |TAMS 0x0000000749e00000, 0x0000000749c00000| Untracked 
|  79|0x0000000749e00000, 0x000000074a000000, 0x000000074a000000|100%| O|  |TAMS 0x000000074a000000, 0x0000000749e00000| Untracked 
|  80|0x000000074a000000, 0x000000074a200000, 0x000000074a200000|100%| O|  |TAMS 0x000000074a200000, 0x000000074a000000| Untracked 
|  81|0x000000074a200000, 0x000000074a400000, 0x000000074a400000|100%| O|  |TAMS 0x000000074a400000, 0x000000074a200000| Untracked 
|  82|0x000000074a400000, 0x000000074a600000, 0x000000074a600000|100%| O|  |TAMS 0x000000074a600000, 0x000000074a400000| Untracked 
|  83|0x000000074a600000, 0x000000074a800000, 0x000000074a800000|100%| O|  |TAMS 0x000000074a800000, 0x000000074a600000| Untracked 
|  84|0x000000074a800000, 0x000000074aa00000, 0x000000074aa00000|100%| O|  |TAMS 0x000000074aa00000, 0x000000074a800000| Untracked 
|  85|0x000000074aa00000, 0x000000074ac00000, 0x000000074ac00000|100%| O|  |TAMS 0x000000074ac00000, 0x000000074aa00000| Untracked 
|  86|0x000000074ac00000, 0x000000074ae00000, 0x000000074ae00000|100%| O|  |TAMS 0x000000074ae00000, 0x000000074ac00000| Complete 
|  87|0x000000074ae00000, 0x000000074b000000, 0x000000074b000000|100%| O|  |TAMS 0x000000074b000000, 0x000000074ae00000| Untracked 
|  88|0x000000074b000000, 0x000000074b200000, 0x000000074b200000|100%| O|  |TAMS 0x000000074b200000, 0x000000074b000000| Untracked 
|  89|0x000000074b200000, 0x000000074b200000, 0x000000074b400000|  0%| F|  |TAMS 0x000000074b200000, 0x000000074b200000| Untracked 
|  90|0x000000074b400000, 0x000000074b600000, 0x000000074b600000|100%| O|  |TAMS 0x000000074b600000, 0x000000074b400000| Untracked 
|  91|0x000000074b600000, 0x000000074b800000, 0x000000074b800000|100%| O|  |TAMS 0x000000074b800000, 0x000000074b600000| Untracked 
|  92|0x000000074b800000, 0x000000074ba00000, 0x000000074ba00000|100%| O|  |TAMS 0x000000074ba00000, 0x000000074b800000| Untracked 
|  93|0x000000074ba00000, 0x000000074bc00000, 0x000000074bc00000|100%| O|  |TAMS 0x000000074bc00000, 0x000000074ba00000| Untracked 
|  94|0x000000074bc00000, 0x000000074be00000, 0x000000074be00000|100%| O|  |TAMS 0x000000074be00000, 0x000000074bc00000| Untracked 
|  95|0x000000074be00000, 0x000000074c000000, 0x000000074c000000|100%| O|  |TAMS 0x000000074c000000, 0x000000074be00000| Untracked 
|  96|0x000000074c000000, 0x000000074c200000, 0x000000074c200000|100%| O|  |TAMS 0x000000074c200000, 0x000000074c000000| Untracked 
|  97|0x000000074c200000, 0x000000074c400000, 0x000000074c400000|100%| O|  |TAMS 0x000000074c400000, 0x000000074c200000| Untracked 
|  98|0x000000074c400000, 0x000000074c600000, 0x000000074c600000|100%| O|  |TAMS 0x000000074c600000, 0x000000074c400000| Untracked 
|  99|0x000000074c600000, 0x000000074c800000, 0x000000074c800000|100%| O|  |TAMS 0x000000074c800000, 0x000000074c600000| Untracked 
| 100|0x000000074c800000, 0x000000074ca00000, 0x000000074ca00000|100%| O|  |TAMS 0x000000074ca00000, 0x000000074c800000| Untracked 
| 101|0x000000074ca00000, 0x000000074cc00000, 0x000000074cc00000|100%| O|  |TAMS 0x000000074cc00000, 0x000000074ca00000| Untracked 
| 102|0x000000074cc00000, 0x000000074ce00000, 0x000000074ce00000|100%| O|  |TAMS 0x000000074ce00000, 0x000000074cc00000| Untracked 
| 103|0x000000074ce00000, 0x000000074d000000, 0x000000074d000000|100%| O|  |TAMS 0x000000074d000000, 0x000000074ce00000| Untracked 
| 104|0x000000074d000000, 0x000000074d200000, 0x000000074d200000|100%| O|  |TAMS 0x000000074d200000, 0x000000074d000000| Untracked 
| 105|0x000000074d200000, 0x000000074d400000, 0x000000074d400000|100%| O|  |TAMS 0x000000074d400000, 0x000000074d200000| Untracked 
| 106|0x000000074d400000, 0x000000074d600000, 0x000000074d600000|100%| O|  |TAMS 0x000000074d600000, 0x000000074d400000| Untracked 
| 107|0x000000074d600000, 0x000000074d800000, 0x000000074d800000|100%| O|  |TAMS 0x000000074d600000, 0x000000074d600000| Untracked 
| 108|0x000000074d800000, 0x000000074da00000, 0x000000074da00000|100%| O|  |TAMS 0x000000074da00000, 0x000000074d800000| Untracked 
| 109|0x000000074da00000, 0x000000074dc00000, 0x000000074dc00000|100%| O|  |TAMS 0x000000074dc00000, 0x000000074da00000| Untracked 
| 110|0x000000074dc00000, 0x000000074de00000, 0x000000074de00000|100%|HS|  |TAMS 0x000000074de00000, 0x000000074dc00000| Complete 
| 111|0x000000074de00000, 0x000000074e000000, 0x000000074e000000|100%| O|  |TAMS 0x000000074e000000, 0x000000074de00000| Untracked 
| 112|0x000000074e000000, 0x000000074e200000, 0x000000074e200000|100%| O|  |TAMS 0x000000074e200000, 0x000000074e000000| Untracked 
| 113|0x000000074e200000, 0x000000074e400000, 0x000000074e400000|100%| O|  |TAMS 0x000000074e400000, 0x000000074e200000| Untracked 
| 114|0x000000074e400000, 0x000000074e600000, 0x000000074e600000|100%| O|  |TAMS 0x000000074e600000, 0x000000074e400000| Untracked 
| 115|0x000000074e600000, 0x000000074e800000, 0x000000074e800000|100%| O|  |TAMS 0x000000074e800000, 0x000000074e600000| Untracked 
| 116|0x000000074e800000, 0x000000074ea00000, 0x000000074ea00000|100%| O|  |TAMS 0x000000074ea00000, 0x000000074e800000| Untracked 
| 117|0x000000074ea00000, 0x000000074ec00000, 0x000000074ec00000|100%| O|  |TAMS 0x000000074ec00000, 0x000000074ea00000| Untracked 
| 118|0x000000074ec00000, 0x000000074ee00000, 0x000000074ee00000|100%| O|  |TAMS 0x000000074ee00000, 0x000000074ec00000| Untracked 
| 119|0x000000074ee00000, 0x000000074f000000, 0x000000074f000000|100%| O|  |TAMS 0x000000074f000000, 0x000000074ee00000| Untracked 
| 120|0x000000074f000000, 0x000000074f200000, 0x000000074f200000|100%| O|  |TAMS 0x000000074f200000, 0x000000074f000000| Untracked 
| 121|0x000000074f200000, 0x000000074f400000, 0x000000074f400000|100%| O|  |TAMS 0x000000074f400000, 0x000000074f200000| Untracked 
| 122|0x000000074f400000, 0x000000074f600000, 0x000000074f600000|100%| O|  |TAMS 0x000000074f600000, 0x000000074f400000| Untracked 
| 123|0x000000074f600000, 0x000000074f800000, 0x000000074f800000|100%| O|  |TAMS 0x000000074f800000, 0x000000074f600000| Untracked 
| 124|0x000000074f800000, 0x000000074fa00000, 0x000000074fa00000|100%| O|  |TAMS 0x000000074fa00000, 0x000000074f800000| Untracked 
| 125|0x000000074fa00000, 0x000000074fc00000, 0x000000074fc00000|100%| O|  |TAMS 0x000000074fc00000, 0x000000074fa00000| Untracked 
| 126|0x000000074fc00000, 0x000000074fe00000, 0x000000074fe00000|100%| O|  |TAMS 0x000000074fe00000, 0x000000074fc00000| Untracked 
| 127|0x000000074fe00000, 0x0000000750000000, 0x0000000750000000|100%| O|  |TAMS 0x0000000750000000, 0x000000074fe00000| Untracked 
| 128|0x0000000750000000, 0x0000000750200000, 0x0000000750200000|100%| O|  |TAMS 0x0000000750200000, 0x0000000750000000| Untracked 
| 129|0x0000000750200000, 0x0000000750400000, 0x0000000750400000|100%| O|  |TAMS 0x0000000750400000, 0x0000000750200000| Untracked 
| 130|0x0000000750400000, 0x0000000750600000, 0x0000000750600000|100%| O|  |TAMS 0x0000000750600000, 0x0000000750400000| Untracked 
| 131|0x0000000750600000, 0x0000000750800000, 0x0000000750800000|100%| O|  |TAMS 0x0000000750800000, 0x0000000750600000| Untracked 
| 132|0x0000000750800000, 0x0000000750a00000, 0x0000000750a00000|100%| O|  |TAMS 0x0000000750a00000, 0x0000000750800000| Untracked 
| 133|0x0000000750a00000, 0x0000000750c00000, 0x0000000750c00000|100%| O|  |TAMS 0x0000000750c00000, 0x0000000750a00000| Untracked 
| 134|0x0000000750c00000, 0x0000000750e00000, 0x0000000750e00000|100%| O|  |TAMS 0x0000000750e00000, 0x0000000750c00000| Untracked 
| 135|0x0000000750e00000, 0x0000000751000000, 0x0000000751000000|100%| O|  |TAMS 0x0000000751000000, 0x0000000750e00000| Untracked 
| 136|0x0000000751000000, 0x0000000751200000, 0x0000000751200000|100%| O|  |TAMS 0x0000000751200000, 0x0000000751000000| Untracked 
| 137|0x0000000751200000, 0x0000000751400000, 0x0000000751400000|100%| O|  |TAMS 0x0000000751400000, 0x0000000751200000| Untracked 
| 138|0x0000000751400000, 0x0000000751600000, 0x0000000751600000|100%| O|  |TAMS 0x0000000751600000, 0x0000000751400000| Untracked 
| 139|0x0000000751600000, 0x0000000751800000, 0x0000000751800000|100%| O|  |TAMS 0x0000000751800000, 0x0000000751600000| Untracked 
| 140|0x0000000751800000, 0x0000000751a00000, 0x0000000751a00000|100%| O|  |TAMS 0x0000000751a00000, 0x0000000751800000| Untracked 
| 141|0x0000000751a00000, 0x0000000751c00000, 0x0000000751c00000|100%| O|  |TAMS 0x0000000751c00000, 0x0000000751a00000| Untracked 
| 142|0x0000000751c00000, 0x0000000751e00000, 0x0000000751e00000|100%| O|  |TAMS 0x0000000751e00000, 0x0000000751c00000| Untracked 
| 143|0x0000000751e00000, 0x0000000752000000, 0x0000000752000000|100%| O|  |TAMS 0x0000000752000000, 0x0000000751e00000| Untracked 
| 144|0x0000000752000000, 0x0000000752200000, 0x0000000752200000|100%| O|  |TAMS 0x0000000752200000, 0x0000000752000000| Untracked 
| 145|0x0000000752200000, 0x0000000752400000, 0x0000000752400000|100%| O|  |TAMS 0x0000000752400000, 0x0000000752200000| Untracked 
| 146|0x0000000752400000, 0x0000000752600000, 0x0000000752600000|100%| O|  |TAMS 0x0000000752600000, 0x0000000752400000| Untracked 
| 147|0x0000000752600000, 0x0000000752800000, 0x0000000752800000|100%| O|  |TAMS 0x0000000752800000, 0x0000000752600000| Untracked 
| 148|0x0000000752800000, 0x0000000752a00000, 0x0000000752a00000|100%| O|  |TAMS 0x0000000752a00000, 0x0000000752800000| Untracked 
| 149|0x0000000752a00000, 0x0000000752c00000, 0x0000000752c00000|100%| O|  |TAMS 0x0000000752c00000, 0x0000000752a00000| Untracked 
| 150|0x0000000752c00000, 0x0000000752e00000, 0x0000000752e00000|100%| O|  |TAMS 0x0000000752e00000, 0x0000000752c00000| Untracked 
| 151|0x0000000752e00000, 0x0000000753000000, 0x0000000753000000|100%| O|  |TAMS 0x0000000753000000, 0x0000000752e00000| Untracked 
| 152|0x0000000753000000, 0x0000000753200000, 0x0000000753200000|100%| O|  |TAMS 0x0000000753200000, 0x0000000753000000| Untracked 
| 153|0x0000000753200000, 0x0000000753400000, 0x0000000753400000|100%| O|  |TAMS 0x0000000753400000, 0x0000000753200000| Untracked 
| 154|0x0000000753400000, 0x0000000753600000, 0x0000000753600000|100%| O|  |TAMS 0x0000000753600000, 0x0000000753400000| Untracked 
| 155|0x0000000753600000, 0x0000000753800000, 0x0000000753800000|100%| O|  |TAMS 0x0000000753800000, 0x0000000753600000| Untracked 
| 156|0x0000000753800000, 0x0000000753a00000, 0x0000000753a00000|100%| O|  |TAMS 0x0000000753a00000, 0x0000000753800000| Untracked 
| 157|0x0000000753a00000, 0x0000000753c00000, 0x0000000753c00000|100%| O|  |TAMS 0x0000000753c00000, 0x0000000753a00000| Untracked 
| 158|0x0000000753c00000, 0x0000000753e00000, 0x0000000753e00000|100%| O|  |TAMS 0x0000000753e00000, 0x0000000753c00000| Untracked 
| 159|0x0000000753e00000, 0x0000000754000000, 0x0000000754000000|100%| O|  |TAMS 0x0000000754000000, 0x0000000753e00000| Untracked 
| 160|0x0000000754000000, 0x0000000754200000, 0x0000000754200000|100%| O|  |TAMS 0x0000000754200000, 0x0000000754000000| Untracked 
| 161|0x0000000754200000, 0x0000000754400000, 0x0000000754400000|100%| O|  |TAMS 0x0000000754400000, 0x0000000754200000| Untracked 
| 162|0x0000000754400000, 0x0000000754600000, 0x0000000754600000|100%| O|  |TAMS 0x0000000754600000, 0x0000000754400000| Untracked 
| 163|0x0000000754600000, 0x0000000754800000, 0x0000000754800000|100%| O|  |TAMS 0x0000000754800000, 0x0000000754600000| Untracked 
| 164|0x0000000754800000, 0x0000000754a00000, 0x0000000754a00000|100%| O|  |TAMS 0x0000000754a00000, 0x0000000754800000| Untracked 
| 165|0x0000000754a00000, 0x0000000754c00000, 0x0000000754c00000|100%| O|  |TAMS 0x0000000754c00000, 0x0000000754a00000| Untracked 
| 166|0x0000000754c00000, 0x0000000754e00000, 0x0000000754e00000|100%| O|  |TAMS 0x0000000754e00000, 0x0000000754c00000| Untracked 
| 167|0x0000000754e00000, 0x0000000755000000, 0x0000000755000000|100%| O|  |TAMS 0x0000000755000000, 0x0000000754e00000| Untracked 
| 168|0x0000000755000000, 0x0000000755200000, 0x0000000755200000|100%| O|  |TAMS 0x0000000755200000, 0x0000000755000000| Untracked 
| 169|0x0000000755200000, 0x0000000755400000, 0x0000000755400000|100%| O|  |TAMS 0x0000000755400000, 0x0000000755200000| Untracked 
| 170|0x0000000755400000, 0x0000000755600000, 0x0000000755600000|100%| O|  |TAMS 0x0000000755600000, 0x0000000755400000| Untracked 
| 171|0x0000000755600000, 0x0000000755800000, 0x0000000755800000|100%| O|  |TAMS 0x0000000755800000, 0x0000000755600000| Untracked 
| 172|0x0000000755800000, 0x0000000755a00000, 0x0000000755a00000|100%| O|  |TAMS 0x0000000755a00000, 0x0000000755800000| Untracked 
| 173|0x0000000755a00000, 0x0000000755c00000, 0x0000000755c00000|100%| O|  |TAMS 0x0000000755c00000, 0x0000000755a00000| Untracked 
| 174|0x0000000755c00000, 0x0000000755e00000, 0x0000000755e00000|100%| O|  |TAMS 0x0000000755e00000, 0x0000000755c00000| Untracked 
| 175|0x0000000755e00000, 0x0000000756000000, 0x0000000756000000|100%| O|  |TAMS 0x0000000756000000, 0x0000000755e00000| Untracked 
| 176|0x0000000756000000, 0x0000000756200000, 0x0000000756200000|100%| O|  |TAMS 0x0000000756200000, 0x0000000756000000| Untracked 
| 177|0x0000000756200000, 0x0000000756400000, 0x0000000756400000|100%| O|  |TAMS 0x0000000756400000, 0x0000000756200000| Untracked 
| 178|0x0000000756400000, 0x0000000756600000, 0x0000000756600000|100%| O|  |TAMS 0x0000000756600000, 0x0000000756400000| Untracked 
| 179|0x0000000756600000, 0x0000000756800000, 0x0000000756800000|100%| O|  |TAMS 0x0000000756800000, 0x0000000756600000| Untracked 
| 180|0x0000000756800000, 0x0000000756a00000, 0x0000000756a00000|100%| O|  |TAMS 0x0000000756a00000, 0x0000000756800000| Untracked 
| 181|0x0000000756a00000, 0x0000000756c00000, 0x0000000756c00000|100%| O|  |TAMS 0x0000000756c00000, 0x0000000756a00000| Untracked 
| 182|0x0000000756c00000, 0x0000000756e00000, 0x0000000756e00000|100%| O|  |TAMS 0x0000000756e00000, 0x0000000756c00000| Untracked 
| 183|0x0000000756e00000, 0x0000000757000000, 0x0000000757000000|100%| O|  |TAMS 0x0000000757000000, 0x0000000756e00000| Untracked 
| 184|0x0000000757000000, 0x0000000757200000, 0x0000000757200000|100%| O|  |TAMS 0x0000000757200000, 0x0000000757000000| Untracked 
| 185|0x0000000757200000, 0x0000000757400000, 0x0000000757400000|100%| O|  |TAMS 0x0000000757400000, 0x0000000757200000| Untracked 
| 186|0x0000000757400000, 0x0000000757600000, 0x0000000757600000|100%| O|  |TAMS 0x0000000757600000, 0x0000000757400000| Untracked 
| 187|0x0000000757600000, 0x0000000757800000, 0x0000000757800000|100%| O|  |TAMS 0x0000000757800000, 0x0000000757600000| Untracked 
| 188|0x0000000757800000, 0x0000000757a00000, 0x0000000757a00000|100%| O|  |TAMS 0x0000000757a00000, 0x0000000757800000| Untracked 
| 189|0x0000000757a00000, 0x0000000757c00000, 0x0000000757c00000|100%| O|  |TAMS 0x0000000757c00000, 0x0000000757a00000| Untracked 
| 190|0x0000000757c00000, 0x0000000757e00000, 0x0000000757e00000|100%| O|  |TAMS 0x0000000757e00000, 0x0000000757c00000| Untracked 
| 191|0x0000000757e00000, 0x0000000758000000, 0x0000000758000000|100%| O|  |TAMS 0x0000000758000000, 0x0000000757e00000| Untracked 
| 192|0x0000000758000000, 0x0000000758200000, 0x0000000758200000|100%| O|  |TAMS 0x0000000758200000, 0x0000000758000000| Untracked 
| 193|0x0000000758200000, 0x0000000758400000, 0x0000000758400000|100%| O|  |TAMS 0x0000000758400000, 0x0000000758200000| Untracked 
| 194|0x0000000758400000, 0x0000000758600000, 0x0000000758600000|100%| O|  |TAMS 0x0000000758600000, 0x0000000758400000| Untracked 
| 195|0x0000000758600000, 0x0000000758800000, 0x0000000758800000|100%| O|  |TAMS 0x0000000758800000, 0x0000000758600000| Untracked 
| 196|0x0000000758800000, 0x0000000758a00000, 0x0000000758a00000|100%| O|  |TAMS 0x0000000758a00000, 0x0000000758800000| Untracked 
| 197|0x0000000758a00000, 0x0000000758c00000, 0x0000000758c00000|100%| O|  |TAMS 0x0000000758c00000, 0x0000000758a00000| Untracked 
| 198|0x0000000758c00000, 0x0000000758e00000, 0x0000000758e00000|100%| O|  |TAMS 0x0000000758e00000, 0x0000000758c00000| Untracked 
| 199|0x0000000758e00000, 0x0000000759000000, 0x0000000759000000|100%| O|  |TAMS 0x0000000759000000, 0x0000000758e00000| Untracked 
| 200|0x0000000759000000, 0x0000000759200000, 0x0000000759200000|100%| O|  |TAMS 0x0000000759200000, 0x0000000759000000| Untracked 
| 201|0x0000000759200000, 0x0000000759400000, 0x0000000759400000|100%| O|  |TAMS 0x0000000759400000, 0x0000000759200000| Untracked 
| 202|0x0000000759400000, 0x0000000759600000, 0x0000000759600000|100%| O|  |TAMS 0x0000000759600000, 0x0000000759400000| Untracked 
| 203|0x0000000759600000, 0x0000000759800000, 0x0000000759800000|100%| O|  |TAMS 0x0000000759800000, 0x0000000759600000| Untracked 
| 204|0x0000000759800000, 0x0000000759a00000, 0x0000000759a00000|100%| O|  |TAMS 0x0000000759a00000, 0x0000000759800000| Untracked 
| 205|0x0000000759a00000, 0x0000000759c00000, 0x0000000759c00000|100%| O|  |TAMS 0x0000000759c00000, 0x0000000759a00000| Untracked 
| 206|0x0000000759c00000, 0x0000000759e00000, 0x0000000759e00000|100%| O|  |TAMS 0x0000000759e00000, 0x0000000759c00000| Untracked 
| 207|0x0000000759e00000, 0x000000075a000000, 0x000000075a000000|100%| O|  |TAMS 0x000000075a000000, 0x0000000759e00000| Untracked 
| 208|0x000000075a000000, 0x000000075a200000, 0x000000075a200000|100%| O|  |TAMS 0x000000075a200000, 0x000000075a000000| Untracked 
| 209|0x000000075a200000, 0x000000075a400000, 0x000000075a400000|100%| O|  |TAMS 0x000000075a400000, 0x000000075a200000| Untracked 
| 210|0x000000075a400000, 0x000000075a600000, 0x000000075a600000|100%| O|  |TAMS 0x000000075a400000, 0x000000075a400000| Untracked 
| 211|0x000000075a600000, 0x000000075a800000, 0x000000075a800000|100%| O|  |TAMS 0x000000075a600000, 0x000000075a600000| Untracked 
| 212|0x000000075a800000, 0x000000075aa00000, 0x000000075aa00000|100%| O|  |TAMS 0x000000075a800000, 0x000000075a800000| Untracked 
| 213|0x000000075aa00000, 0x000000075ac00000, 0x000000075ac00000|100%| O|  |TAMS 0x000000075aa00000, 0x000000075aa00000| Untracked 
| 214|0x000000075ac00000, 0x000000075ae00000, 0x000000075ae00000|100%| O|  |TAMS 0x000000075ac00000, 0x000000075ac00000| Untracked 
| 215|0x000000075ae00000, 0x000000075b000000, 0x000000075b000000|100%| O|  |TAMS 0x000000075ae00000, 0x000000075ae00000| Untracked 
| 216|0x000000075b000000, 0x000000075b200000, 0x000000075b200000|100%| O|  |TAMS 0x000000075b200000, 0x000000075b000000| Untracked 
| 217|0x000000075b200000, 0x000000075b400000, 0x000000075b400000|100%| O|  |TAMS 0x000000075b400000, 0x000000075b200000| Untracked 
| 218|0x000000075b400000, 0x000000075b600000, 0x000000075b600000|100%| O|  |TAMS 0x000000075b600000, 0x000000075b400000| Untracked 
| 219|0x000000075b600000, 0x000000075b800000, 0x000000075b800000|100%| O|  |TAMS 0x000000075b800000, 0x000000075b600000| Untracked 
| 220|0x000000075b800000, 0x000000075ba00000, 0x000000075ba00000|100%| O|  |TAMS 0x000000075ba00000, 0x000000075b800000| Untracked 
| 221|0x000000075ba00000, 0x000000075bc00000, 0x000000075bc00000|100%| O|  |TAMS 0x000000075bc00000, 0x000000075ba00000| Untracked 
| 222|0x000000075bc00000, 0x000000075be00000, 0x000000075be00000|100%| O|  |TAMS 0x000000075be00000, 0x000000075bc00000| Untracked 
| 223|0x000000075be00000, 0x000000075c000000, 0x000000075c000000|100%| O|  |TAMS 0x000000075c000000, 0x000000075be00000| Untracked 
| 224|0x000000075c000000, 0x000000075c200000, 0x000000075c200000|100%| O|  |TAMS 0x000000075c200000, 0x000000075c000000| Untracked 
| 225|0x000000075c200000, 0x000000075c400000, 0x000000075c400000|100%| O|  |TAMS 0x000000075c200000, 0x000000075c200000| Untracked 
| 226|0x000000075c400000, 0x000000075c600000, 0x000000075c600000|100%| O|  |TAMS 0x000000075c400000, 0x000000075c400000| Untracked 
| 227|0x000000075c600000, 0x000000075c800000, 0x000000075c800000|100%| O|  |TAMS 0x000000075c800000, 0x000000075c600000| Untracked 
| 228|0x000000075c800000, 0x000000075ca00000, 0x000000075ca00000|100%| O|  |TAMS 0x000000075ca00000, 0x000000075c800000| Untracked 
| 229|0x000000075ca00000, 0x000000075cc00000, 0x000000075cc00000|100%| O|  |TAMS 0x000000075cc00000, 0x000000075ca00000| Untracked 
| 230|0x000000075cc00000, 0x000000075ce00000, 0x000000075ce00000|100%| O|  |TAMS 0x000000075ce00000, 0x000000075cc00000| Untracked 
| 231|0x000000075ce00000, 0x000000075d000000, 0x000000075d000000|100%| O|  |TAMS 0x000000075ce83800, 0x000000075ce00000| Untracked 
| 232|0x000000075d000000, 0x000000075d200000, 0x000000075d200000|100%| O|  |TAMS 0x000000075d000000, 0x000000075d000000| Untracked 
| 233|0x000000075d200000, 0x000000075d400000, 0x000000075d400000|100%| O|  |TAMS 0x000000075d200000, 0x000000075d200000| Untracked 
| 234|0x000000075d400000, 0x000000075d600000, 0x000000075d600000|100%| O|  |TAMS 0x000000075d400000, 0x000000075d400000| Untracked 
| 235|0x000000075d600000, 0x000000075d800000, 0x000000075d800000|100%| O|  |TAMS 0x000000075d600000, 0x000000075d600000| Untracked 
| 236|0x000000075d800000, 0x000000075da00000, 0x000000075da00000|100%| O|  |TAMS 0x000000075d800000, 0x000000075d800000| Untracked 
| 237|0x000000075da00000, 0x000000075dc00000, 0x000000075dc00000|100%| O|  |TAMS 0x000000075da00000, 0x000000075da00000| Untracked 
| 238|0x000000075dc00000, 0x000000075de00000, 0x000000075de00000|100%| O|  |TAMS 0x000000075dc00000, 0x000000075dc00000| Untracked 
| 239|0x000000075de00000, 0x000000075e000000, 0x000000075e000000|100%| O|  |TAMS 0x000000075de00000, 0x000000075de00000| Untracked 
| 240|0x000000075e000000, 0x000000075e121800, 0x000000075e200000| 56%| O|  |TAMS 0x000000075e000000, 0x000000075e000000| Untracked 
| 241|0x000000075e200000, 0x000000075e200000, 0x000000075e400000|  0%| F|  |TAMS 0x000000075e200000, 0x000000075e200000| Untracked 
| 242|0x000000075e400000, 0x000000075e400000, 0x000000075e600000|  0%| F|  |TAMS 0x000000075e400000, 0x000000075e400000| Untracked 
| 243|0x000000075e600000, 0x000000075e600000, 0x000000075e800000|  0%| F|  |TAMS 0x000000075e600000, 0x000000075e600000| Untracked 
| 244|0x000000075e800000, 0x000000075e800000, 0x000000075ea00000|  0%| F|  |TAMS 0x000000075e800000, 0x000000075e800000| Untracked 
| 245|0x000000075ea00000, 0x000000075ea00000, 0x000000075ec00000|  0%| F|  |TAMS 0x000000075ea00000, 0x000000075ea00000| Untracked 
| 246|0x000000075ec00000, 0x000000075ec00000, 0x000000075ee00000|  0%| F|  |TAMS 0x000000075ec00000, 0x000000075ec00000| Untracked 
| 247|0x000000075ee00000, 0x000000075ee00000, 0x000000075f000000|  0%| F|  |TAMS 0x000000075ee00000, 0x000000075ee00000| Untracked 
| 248|0x000000075f000000, 0x000000075f000000, 0x000000075f200000|  0%| F|  |TAMS 0x000000075f000000, 0x000000075f000000| Untracked 
| 249|0x000000075f200000, 0x000000075f200000, 0x000000075f400000|  0%| F|  |TAMS 0x000000075f200000, 0x000000075f200000| Untracked 
| 250|0x000000075f400000, 0x000000075f400000, 0x000000075f600000|  0%| F|  |TAMS 0x000000075f400000, 0x000000075f400000| Untracked 
| 251|0x000000075f600000, 0x000000075f600000, 0x000000075f800000|  0%| F|  |TAMS 0x000000075f600000, 0x000000075f600000| Untracked 
| 252|0x000000075f800000, 0x000000075f800000, 0x000000075fa00000|  0%| F|  |TAMS 0x000000075f800000, 0x000000075f800000| Untracked 
| 253|0x000000075fa00000, 0x000000075fa00000, 0x000000075fc00000|  0%| F|  |TAMS 0x000000075fa00000, 0x000000075fa00000| Untracked 
| 254|0x000000075fc00000, 0x000000075fc00000, 0x000000075fe00000|  0%| F|  |TAMS 0x000000075fc00000, 0x000000075fc00000| Untracked 
| 255|0x000000075fe00000, 0x000000075fe00000, 0x0000000760000000|  0%| F|  |TAMS 0x000000075fe00000, 0x000000075fe00000| Untracked 
| 256|0x0000000760000000, 0x0000000760000000, 0x0000000760200000|  0%| F|  |TAMS 0x0000000760000000, 0x0000000760000000| Untracked 
| 257|0x0000000760200000, 0x0000000760200000, 0x0000000760400000|  0%| F|  |TAMS 0x0000000760200000, 0x0000000760200000| Untracked 
| 258|0x0000000760400000, 0x0000000760400000, 0x0000000760600000|  0%| F|  |TAMS 0x0000000760400000, 0x0000000760400000| Untracked 
| 259|0x0000000760600000, 0x0000000760600000, 0x0000000760800000|  0%| F|  |TAMS 0x0000000760600000, 0x0000000760600000| Untracked 
| 260|0x0000000760800000, 0x0000000760800000, 0x0000000760a00000|  0%| F|  |TAMS 0x0000000760800000, 0x0000000760800000| Untracked 
| 261|0x0000000760a00000, 0x0000000760a00000, 0x0000000760c00000|  0%| F|  |TAMS 0x0000000760a00000, 0x0000000760a00000| Untracked 
| 262|0x0000000760c00000, 0x0000000760c00000, 0x0000000760e00000|  0%| F|  |TAMS 0x0000000760c00000, 0x0000000760c00000| Untracked 
| 263|0x0000000760e00000, 0x0000000760e00000, 0x0000000761000000|  0%| F|  |TAMS 0x0000000760e00000, 0x0000000760e00000| Untracked 
| 264|0x0000000761000000, 0x0000000761000000, 0x0000000761200000|  0%| F|  |TAMS 0x0000000761000000, 0x0000000761000000| Untracked 
| 265|0x0000000761200000, 0x0000000761200000, 0x0000000761400000|  0%| F|  |TAMS 0x0000000761200000, 0x0000000761200000| Untracked 
| 266|0x0000000761400000, 0x0000000761400000, 0x0000000761600000|  0%| F|  |TAMS 0x0000000761400000, 0x0000000761400000| Untracked 
| 267|0x0000000761600000, 0x0000000761600000, 0x0000000761800000|  0%| F|  |TAMS 0x0000000761600000, 0x0000000761600000| Untracked 
| 268|0x0000000761800000, 0x0000000761800000, 0x0000000761a00000|  0%| F|  |TAMS 0x0000000761800000, 0x0000000761800000| Untracked 
| 269|0x0000000761a00000, 0x0000000761a00000, 0x0000000761c00000|  0%| F|  |TAMS 0x0000000761a00000, 0x0000000761a00000| Untracked 
| 270|0x0000000761c00000, 0x0000000761c00000, 0x0000000761e00000|  0%| F|  |TAMS 0x0000000761c00000, 0x0000000761c00000| Untracked 
| 271|0x0000000761e00000, 0x0000000761e00000, 0x0000000762000000|  0%| F|  |TAMS 0x0000000761e00000, 0x0000000761e00000| Untracked 
| 272|0x0000000762000000, 0x0000000762000000, 0x0000000762200000|  0%| F|  |TAMS 0x0000000762000000, 0x0000000762000000| Untracked 
| 273|0x0000000762200000, 0x0000000762200000, 0x0000000762400000|  0%| F|  |TAMS 0x0000000762200000, 0x0000000762200000| Untracked 
| 274|0x0000000762400000, 0x0000000762400000, 0x0000000762600000|  0%| F|  |TAMS 0x0000000762400000, 0x0000000762400000| Untracked 
| 275|0x0000000762600000, 0x0000000762600000, 0x0000000762800000|  0%| F|  |TAMS 0x0000000762600000, 0x0000000762600000| Untracked 
| 276|0x0000000762800000, 0x0000000762800000, 0x0000000762a00000|  0%| F|  |TAMS 0x0000000762800000, 0x0000000762800000| Untracked 
| 277|0x0000000762a00000, 0x0000000762a00000, 0x0000000762c00000|  0%| F|  |TAMS 0x0000000762a00000, 0x0000000762a00000| Untracked 
| 278|0x0000000762c00000, 0x0000000762c00000, 0x0000000762e00000|  0%| F|  |TAMS 0x0000000762c00000, 0x0000000762c00000| Untracked 
| 279|0x0000000762e00000, 0x0000000762e00000, 0x0000000763000000|  0%| F|  |TAMS 0x0000000762e00000, 0x0000000762e00000| Untracked 
| 280|0x0000000763000000, 0x0000000763000000, 0x0000000763200000|  0%| F|  |TAMS 0x0000000763000000, 0x0000000763000000| Untracked 
| 281|0x0000000763200000, 0x0000000763200000, 0x0000000763400000|  0%| F|  |TAMS 0x0000000763200000, 0x0000000763200000| Untracked 
| 282|0x0000000763400000, 0x0000000763400000, 0x0000000763600000|  0%| F|  |TAMS 0x0000000763400000, 0x0000000763400000| Untracked 
| 283|0x0000000763600000, 0x0000000763600000, 0x0000000763800000|  0%| F|  |TAMS 0x0000000763600000, 0x0000000763600000| Untracked 
| 284|0x0000000763800000, 0x0000000763800000, 0x0000000763a00000|  0%| F|  |TAMS 0x0000000763800000, 0x0000000763800000| Untracked 
| 285|0x0000000763a00000, 0x0000000763a00000, 0x0000000763c00000|  0%| F|  |TAMS 0x0000000763a00000, 0x0000000763a00000| Untracked 
| 286|0x0000000763c00000, 0x0000000763c00000, 0x0000000763e00000|  0%| F|  |TAMS 0x0000000763c00000, 0x0000000763c00000| Untracked 
| 287|0x0000000763e00000, 0x0000000763e00000, 0x0000000764000000|  0%| F|  |TAMS 0x0000000763e00000, 0x0000000763e00000| Untracked 
| 288|0x0000000764000000, 0x0000000764000000, 0x0000000764200000|  0%| F|  |TAMS 0x0000000764000000, 0x0000000764000000| Untracked 
| 289|0x0000000764200000, 0x0000000764200000, 0x0000000764400000|  0%| F|  |TAMS 0x0000000764200000, 0x0000000764200000| Untracked 
| 290|0x0000000764400000, 0x0000000764400000, 0x0000000764600000|  0%| F|  |TAMS 0x0000000764400000, 0x0000000764400000| Untracked 
| 291|0x0000000764600000, 0x0000000764600000, 0x0000000764800000|  0%| F|  |TAMS 0x0000000764600000, 0x0000000764600000| Untracked 
| 292|0x0000000764800000, 0x0000000764800000, 0x0000000764a00000|  0%| F|  |TAMS 0x0000000764800000, 0x0000000764800000| Untracked 
| 293|0x0000000764a00000, 0x0000000764a00000, 0x0000000764c00000|  0%| F|  |TAMS 0x0000000764a00000, 0x0000000764a00000| Untracked 
| 294|0x0000000764c00000, 0x0000000764c00000, 0x0000000764e00000|  0%| F|  |TAMS 0x0000000764c00000, 0x0000000764c00000| Untracked 
| 295|0x0000000764e00000, 0x0000000764e00000, 0x0000000765000000|  0%| F|  |TAMS 0x0000000764e00000, 0x0000000764e00000| Untracked 
| 296|0x0000000765000000, 0x0000000765000000, 0x0000000765200000|  0%| F|  |TAMS 0x0000000765000000, 0x0000000765000000| Untracked 
| 297|0x0000000765200000, 0x0000000765200000, 0x0000000765400000|  0%| F|  |TAMS 0x0000000765200000, 0x0000000765200000| Untracked 
| 298|0x0000000765400000, 0x0000000765400000, 0x0000000765600000|  0%| F|  |TAMS 0x0000000765400000, 0x0000000765400000| Untracked 
| 299|0x0000000765600000, 0x0000000765600000, 0x0000000765800000|  0%| F|  |TAMS 0x0000000765600000, 0x0000000765600000| Untracked 
| 300|0x0000000765800000, 0x0000000765800000, 0x0000000765a00000|  0%| F|  |TAMS 0x0000000765800000, 0x0000000765800000| Untracked 
| 301|0x0000000765a00000, 0x0000000765a00000, 0x0000000765c00000|  0%| F|  |TAMS 0x0000000765a00000, 0x0000000765a00000| Untracked 
| 302|0x0000000765c00000, 0x0000000765c00000, 0x0000000765e00000|  0%| F|  |TAMS 0x0000000765c00000, 0x0000000765c00000| Untracked 
| 303|0x0000000765e00000, 0x0000000765e00000, 0x0000000766000000|  0%| F|  |TAMS 0x0000000765e00000, 0x0000000765e00000| Untracked 
| 304|0x0000000766000000, 0x0000000766000000, 0x0000000766200000|  0%| F|  |TAMS 0x0000000766000000, 0x0000000766000000| Untracked 
| 305|0x0000000766200000, 0x0000000766200000, 0x0000000766400000|  0%| F|  |TAMS 0x0000000766200000, 0x0000000766200000| Untracked 
| 306|0x0000000766400000, 0x0000000766400000, 0x0000000766600000|  0%| F|  |TAMS 0x0000000766400000, 0x0000000766400000| Untracked 
| 307|0x0000000766600000, 0x0000000766600000, 0x0000000766800000|  0%| F|  |TAMS 0x0000000766600000, 0x0000000766600000| Untracked 
| 308|0x0000000766800000, 0x0000000766800000, 0x0000000766a00000|  0%| F|  |TAMS 0x0000000766800000, 0x0000000766800000| Untracked 
| 309|0x0000000766a00000, 0x0000000766a00000, 0x0000000766c00000|  0%| F|  |TAMS 0x0000000766a00000, 0x0000000766a00000| Untracked 
| 310|0x0000000766c00000, 0x0000000766c00000, 0x0000000766e00000|  0%| F|  |TAMS 0x0000000766c00000, 0x0000000766c00000| Untracked 
| 311|0x0000000766e00000, 0x0000000766e00000, 0x0000000767000000|  0%| F|  |TAMS 0x0000000766e00000, 0x0000000766e00000| Untracked 
| 312|0x0000000767000000, 0x0000000767000000, 0x0000000767200000|  0%| F|  |TAMS 0x0000000767000000, 0x0000000767000000| Untracked 
| 313|0x0000000767200000, 0x0000000767200000, 0x0000000767400000|  0%| F|  |TAMS 0x0000000767200000, 0x0000000767200000| Untracked 
| 314|0x0000000767400000, 0x0000000767400000, 0x0000000767600000|  0%| F|  |TAMS 0x0000000767400000, 0x0000000767400000| Untracked 
| 315|0x0000000767600000, 0x0000000767600000, 0x0000000767800000|  0%| F|  |TAMS 0x0000000767600000, 0x0000000767600000| Untracked 
| 316|0x0000000767800000, 0x0000000767800000, 0x0000000767a00000|  0%| F|  |TAMS 0x0000000767800000, 0x0000000767800000| Untracked 
| 317|0x0000000767a00000, 0x0000000767c00000, 0x0000000767c00000|100%| S|CS|TAMS 0x0000000767a00000, 0x0000000767a00000| Complete 
| 318|0x0000000767c00000, 0x0000000767e00000, 0x0000000767e00000|100%| S|CS|TAMS 0x0000000767c00000, 0x0000000767c00000| Complete 
| 319|0x0000000767e00000, 0x0000000768000000, 0x0000000768000000|100%| S|CS|TAMS 0x0000000767e00000, 0x0000000767e00000| Complete 
| 320|0x0000000768000000, 0x0000000768200000, 0x0000000768200000|100%| S|CS|TAMS 0x0000000768000000, 0x0000000768000000| Complete 
| 321|0x0000000768200000, 0x0000000768400000, 0x0000000768400000|100%| S|CS|TAMS 0x0000000768200000, 0x0000000768200000| Complete 
| 322|0x0000000768400000, 0x0000000768600000, 0x0000000768600000|100%| S|CS|TAMS 0x0000000768400000, 0x0000000768400000| Complete 
| 323|0x0000000768600000, 0x0000000768800000, 0x0000000768800000|100%| S|CS|TAMS 0x0000000768600000, 0x0000000768600000| Complete 
| 324|0x0000000768800000, 0x0000000768a00000, 0x0000000768a00000|100%| S|CS|TAMS 0x0000000768800000, 0x0000000768800000| Complete 
| 325|0x0000000768a00000, 0x0000000768c00000, 0x0000000768c00000|100%| S|CS|TAMS 0x0000000768a00000, 0x0000000768a00000| Complete 
| 326|0x0000000768c00000, 0x0000000768e00000, 0x0000000768e00000|100%| S|CS|TAMS 0x0000000768c00000, 0x0000000768c00000| Complete 
| 327|0x0000000768e00000, 0x0000000769000000, 0x0000000769000000|100%| S|CS|TAMS 0x0000000768e00000, 0x0000000768e00000| Complete 
| 328|0x0000000769000000, 0x0000000769200000, 0x0000000769200000|100%| S|CS|TAMS 0x0000000769000000, 0x0000000769000000| Complete 
| 329|0x0000000769200000, 0x0000000769400000, 0x0000000769400000|100%| S|CS|TAMS 0x0000000769200000, 0x0000000769200000| Complete 
| 330|0x0000000769400000, 0x0000000769600000, 0x0000000769600000|100%| S|CS|TAMS 0x0000000769400000, 0x0000000769400000| Complete 
| 331|0x0000000769600000, 0x0000000769600000, 0x0000000769800000|  0%| F|  |TAMS 0x0000000769600000, 0x0000000769600000| Untracked 
| 332|0x0000000769800000, 0x0000000769800000, 0x0000000769a00000|  0%| F|  |TAMS 0x0000000769800000, 0x0000000769800000| Untracked 
| 333|0x0000000769a00000, 0x0000000769a00000, 0x0000000769c00000|  0%| F|  |TAMS 0x0000000769a00000, 0x0000000769a00000| Untracked 
| 334|0x0000000769c00000, 0x0000000769c00000, 0x0000000769e00000|  0%| F|  |TAMS 0x0000000769c00000, 0x0000000769c00000| Untracked 
| 335|0x0000000769e00000, 0x0000000769e00000, 0x000000076a000000|  0%| F|  |TAMS 0x0000000769e00000, 0x0000000769e00000| Untracked 
| 336|0x000000076a000000, 0x000000076a000000, 0x000000076a200000|  0%| F|  |TAMS 0x000000076a000000, 0x000000076a000000| Untracked 
| 337|0x000000076a200000, 0x000000076a200000, 0x000000076a400000|  0%| F|  |TAMS 0x000000076a200000, 0x000000076a200000| Untracked 
| 338|0x000000076a400000, 0x000000076a400000, 0x000000076a600000|  0%| F|  |TAMS 0x000000076a400000, 0x000000076a400000| Untracked 
| 339|0x000000076a600000, 0x000000076a600000, 0x000000076a800000|  0%| F|  |TAMS 0x000000076a600000, 0x000000076a600000| Untracked 
| 340|0x000000076a800000, 0x000000076a800000, 0x000000076aa00000|  0%| F|  |TAMS 0x000000076a800000, 0x000000076a800000| Untracked 
| 341|0x000000076aa00000, 0x000000076aa00000, 0x000000076ac00000|  0%| F|  |TAMS 0x000000076aa00000, 0x000000076aa00000| Untracked 
| 342|0x000000076ac00000, 0x000000076ac00000, 0x000000076ae00000|  0%| F|  |TAMS 0x000000076ac00000, 0x000000076ac00000| Untracked 
| 343|0x000000076ae00000, 0x000000076ae00000, 0x000000076b000000|  0%| F|  |TAMS 0x000000076ae00000, 0x000000076ae00000| Untracked 
| 344|0x000000076b000000, 0x000000076b000000, 0x000000076b200000|  0%| F|  |TAMS 0x000000076b000000, 0x000000076b000000| Untracked 
| 345|0x000000076b200000, 0x000000076b200000, 0x000000076b400000|  0%| F|  |TAMS 0x000000076b200000, 0x000000076b200000| Untracked 
| 346|0x000000076b400000, 0x000000076b400000, 0x000000076b600000|  0%| F|  |TAMS 0x000000076b400000, 0x000000076b400000| Untracked 
| 347|0x000000076b600000, 0x000000076b600000, 0x000000076b800000|  0%| F|  |TAMS 0x000000076b600000, 0x000000076b600000| Untracked 
| 348|0x000000076b800000, 0x000000076ba00000, 0x000000076ba00000|100%| S|CS|TAMS 0x000000076b800000, 0x000000076b800000| Complete 
| 349|0x000000076ba00000, 0x000000076bc00000, 0x000000076bc00000|100%| S|CS|TAMS 0x000000076ba00000, 0x000000076ba00000| Complete 
| 350|0x000000076bc00000, 0x000000076be00000, 0x000000076be00000|100%| S|CS|TAMS 0x000000076bc00000, 0x000000076bc00000| Complete 
| 351|0x000000076be00000, 0x000000076c000000, 0x000000076c000000|100%| S|CS|TAMS 0x000000076be00000, 0x000000076be00000| Complete 
| 352|0x000000076c000000, 0x000000076c200000, 0x000000076c200000|100%| S|CS|TAMS 0x000000076c000000, 0x000000076c000000| Complete 
| 353|0x000000076c200000, 0x000000076c200000, 0x000000076c400000|  0%| F|  |TAMS 0x000000076c200000, 0x000000076c200000| Untracked 
| 354|0x000000076c400000, 0x000000076c400000, 0x000000076c600000|  0%| F|  |TAMS 0x000000076c400000, 0x000000076c400000| Untracked 
| 355|0x000000076c600000, 0x000000076c600000, 0x000000076c800000|  0%| F|  |TAMS 0x000000076c600000, 0x000000076c600000| Untracked 
| 356|0x000000076c800000, 0x000000076c800000, 0x000000076ca00000|  0%| F|  |TAMS 0x000000076c800000, 0x000000076c800000| Untracked 
| 357|0x000000076ca00000, 0x000000076ca00000, 0x000000076cc00000|  0%| F|  |TAMS 0x000000076ca00000, 0x000000076ca00000| Untracked 
| 358|0x000000076cc00000, 0x000000076cc00000, 0x000000076ce00000|  0%| F|  |TAMS 0x000000076cc00000, 0x000000076cc00000| Untracked 
| 359|0x000000076ce00000, 0x000000076ce00000, 0x000000076d000000|  0%| F|  |TAMS 0x000000076ce00000, 0x000000076ce00000| Untracked 
| 360|0x000000076d000000, 0x000000076d000000, 0x000000076d200000|  0%| F|  |TAMS 0x000000076d000000, 0x000000076d000000| Untracked 
| 361|0x000000076d200000, 0x000000076d200000, 0x000000076d400000|  0%| F|  |TAMS 0x000000076d200000, 0x000000076d200000| Untracked 
| 362|0x000000076d400000, 0x000000076d400000, 0x000000076d600000|  0%| F|  |TAMS 0x000000076d400000, 0x000000076d400000| Untracked 
| 363|0x000000076d600000, 0x000000076d600000, 0x000000076d800000|  0%| F|  |TAMS 0x000000076d600000, 0x000000076d600000| Untracked 
| 364|0x000000076d800000, 0x000000076d800000, 0x000000076da00000|  0%| F|  |TAMS 0x000000076d800000, 0x000000076d800000| Untracked 
| 365|0x000000076da00000, 0x000000076da00000, 0x000000076dc00000|  0%| F|  |TAMS 0x000000076da00000, 0x000000076da00000| Untracked 
| 366|0x000000076dc00000, 0x000000076dc00000, 0x000000076de00000|  0%| F|  |TAMS 0x000000076dc00000, 0x000000076dc00000| Untracked 
| 367|0x000000076de00000, 0x000000076de00000, 0x000000076e000000|  0%| F|  |TAMS 0x000000076de00000, 0x000000076de00000| Untracked 
| 368|0x000000076e000000, 0x000000076e000000, 0x000000076e200000|  0%| F|  |TAMS 0x000000076e000000, 0x000000076e000000| Untracked 
| 369|0x000000076e200000, 0x000000076e200000, 0x000000076e400000|  0%| F|  |TAMS 0x000000076e200000, 0x000000076e200000| Untracked 
| 370|0x000000076e400000, 0x000000076e400000, 0x000000076e600000|  0%| F|  |TAMS 0x000000076e400000, 0x000000076e400000| Untracked 
| 371|0x000000076e600000, 0x000000076e600000, 0x000000076e800000|  0%| F|  |TAMS 0x000000076e600000, 0x000000076e600000| Untracked 
| 372|0x000000076e800000, 0x000000076e800000, 0x000000076ea00000|  0%| F|  |TAMS 0x000000076e800000, 0x000000076e800000| Untracked 
| 373|0x000000076ea00000, 0x000000076ea00000, 0x000000076ec00000|  0%| F|  |TAMS 0x000000076ea00000, 0x000000076ea00000| Untracked 
| 374|0x000000076ec00000, 0x000000076ec00000, 0x000000076ee00000|  0%| F|  |TAMS 0x000000076ec00000, 0x000000076ec00000| Untracked 
| 375|0x000000076ee00000, 0x000000076ee00000, 0x000000076f000000|  0%| F|  |TAMS 0x000000076ee00000, 0x000000076ee00000| Untracked 
| 376|0x000000076f000000, 0x000000076f000000, 0x000000076f200000|  0%| F|  |TAMS 0x000000076f000000, 0x000000076f000000| Untracked 
| 377|0x000000076f200000, 0x000000076f200000, 0x000000076f400000|  0%| F|  |TAMS 0x000000076f200000, 0x000000076f200000| Untracked 
| 378|0x000000076f400000, 0x000000076f400000, 0x000000076f600000|  0%| F|  |TAMS 0x000000076f400000, 0x000000076f400000| Untracked 
| 379|0x000000076f600000, 0x000000076f600000, 0x000000076f800000|  0%| F|  |TAMS 0x000000076f600000, 0x000000076f600000| Untracked 
| 380|0x000000076f800000, 0x000000076f800000, 0x000000076fa00000|  0%| F|  |TAMS 0x000000076f800000, 0x000000076f800000| Untracked 
| 381|0x000000076fa00000, 0x000000076fa00000, 0x000000076fc00000|  0%| F|  |TAMS 0x000000076fa00000, 0x000000076fa00000| Untracked 
| 382|0x000000076fc00000, 0x000000076fc00000, 0x000000076fe00000|  0%| F|  |TAMS 0x000000076fc00000, 0x000000076fc00000| Untracked 
| 383|0x000000076fe00000, 0x000000076fe00000, 0x0000000770000000|  0%| F|  |TAMS 0x000000076fe00000, 0x000000076fe00000| Untracked 
| 384|0x0000000770000000, 0x0000000770000000, 0x0000000770200000|  0%| F|  |TAMS 0x0000000770000000, 0x0000000770000000| Untracked 
| 385|0x0000000770200000, 0x0000000770200000, 0x0000000770400000|  0%| F|  |TAMS 0x0000000770200000, 0x0000000770200000| Untracked 
| 386|0x0000000770400000, 0x0000000770400000, 0x0000000770600000|  0%| F|  |TAMS 0x0000000770400000, 0x0000000770400000| Untracked 
| 387|0x0000000770600000, 0x0000000770600000, 0x0000000770800000|  0%| F|  |TAMS 0x0000000770600000, 0x0000000770600000| Untracked 
| 388|0x0000000770800000, 0x0000000770800000, 0x0000000770a00000|  0%| F|  |TAMS 0x0000000770800000, 0x0000000770800000| Untracked 
| 389|0x0000000770a00000, 0x0000000770a00000, 0x0000000770c00000|  0%| F|  |TAMS 0x0000000770a00000, 0x0000000770a00000| Untracked 
| 390|0x0000000770c00000, 0x0000000770c00000, 0x0000000770e00000|  0%| F|  |TAMS 0x0000000770c00000, 0x0000000770c00000| Untracked 
| 391|0x0000000770e00000, 0x0000000770e00000, 0x0000000771000000|  0%| F|  |TAMS 0x0000000770e00000, 0x0000000770e00000| Untracked 
| 392|0x0000000771000000, 0x0000000771000000, 0x0000000771200000|  0%| F|  |TAMS 0x0000000771000000, 0x0000000771000000| Untracked 
| 393|0x0000000771200000, 0x0000000771200000, 0x0000000771400000|  0%| F|  |TAMS 0x0000000771200000, 0x0000000771200000| Untracked 
| 394|0x0000000771400000, 0x0000000771400000, 0x0000000771600000|  0%| F|  |TAMS 0x0000000771400000, 0x0000000771400000| Untracked 
| 395|0x0000000771600000, 0x0000000771600000, 0x0000000771800000|  0%| F|  |TAMS 0x0000000771600000, 0x0000000771600000| Untracked 
| 396|0x0000000771800000, 0x0000000771800000, 0x0000000771a00000|  0%| F|  |TAMS 0x0000000771800000, 0x0000000771800000| Untracked 
| 397|0x0000000771a00000, 0x0000000771a00000, 0x0000000771c00000|  0%| F|  |TAMS 0x0000000771a00000, 0x0000000771a00000| Untracked 
| 398|0x0000000771c00000, 0x0000000771c00000, 0x0000000771e00000|  0%| F|  |TAMS 0x0000000771c00000, 0x0000000771c00000| Untracked 
| 399|0x0000000771e00000, 0x0000000771e00000, 0x0000000772000000|  0%| F|  |TAMS 0x0000000771e00000, 0x0000000771e00000| Untracked 
| 400|0x0000000772000000, 0x0000000772000000, 0x0000000772200000|  0%| F|  |TAMS 0x0000000772000000, 0x0000000772000000| Untracked 
| 401|0x0000000772200000, 0x0000000772200000, 0x0000000772400000|  0%| F|  |TAMS 0x0000000772200000, 0x0000000772200000| Untracked 
| 402|0x0000000772400000, 0x0000000772400000, 0x0000000772600000|  0%| F|  |TAMS 0x0000000772400000, 0x0000000772400000| Untracked 
| 403|0x0000000772600000, 0x0000000772600000, 0x0000000772800000|  0%| F|  |TAMS 0x0000000772600000, 0x0000000772600000| Untracked 
| 404|0x0000000772800000, 0x0000000772800000, 0x0000000772a00000|  0%| F|  |TAMS 0x0000000772800000, 0x0000000772800000| Untracked 
| 405|0x0000000772a00000, 0x0000000772a00000, 0x0000000772c00000|  0%| F|  |TAMS 0x0000000772a00000, 0x0000000772a00000| Untracked 
| 406|0x0000000772c00000, 0x0000000772c00000, 0x0000000772e00000|  0%| F|  |TAMS 0x0000000772c00000, 0x0000000772c00000| Untracked 
| 407|0x0000000772e00000, 0x0000000772e00000, 0x0000000773000000|  0%| F|  |TAMS 0x0000000772e00000, 0x0000000772e00000| Untracked 
| 408|0x0000000773000000, 0x0000000773000000, 0x0000000773200000|  0%| F|  |TAMS 0x0000000773000000, 0x0000000773000000| Untracked 
| 409|0x0000000773200000, 0x0000000773200000, 0x0000000773400000|  0%| F|  |TAMS 0x0000000773200000, 0x0000000773200000| Untracked 
| 410|0x0000000773400000, 0x0000000773600000, 0x0000000773600000|100%| E|  |TAMS 0x0000000773400000, 0x0000000773400000| Complete 
| 411|0x0000000773600000, 0x0000000773800000, 0x0000000773800000|100%| E|CS|TAMS 0x0000000773600000, 0x0000000773600000| Complete 
| 412|0x0000000773800000, 0x0000000773a00000, 0x0000000773a00000|100%| E|CS|TAMS 0x0000000773800000, 0x0000000773800000| Complete 
| 413|0x0000000773a00000, 0x0000000773c00000, 0x0000000773c00000|100%| E|CS|TAMS 0x0000000773a00000, 0x0000000773a00000| Complete 
| 414|0x0000000773c00000, 0x0000000773e00000, 0x0000000773e00000|100%| E|CS|TAMS 0x0000000773c00000, 0x0000000773c00000| Complete 
| 415|0x0000000773e00000, 0x0000000774000000, 0x0000000774000000|100%| E|CS|TAMS 0x0000000773e00000, 0x0000000773e00000| Complete 
| 416|0x0000000774000000, 0x0000000774200000, 0x0000000774200000|100%| E|CS|TAMS 0x0000000774000000, 0x0000000774000000| Complete 
| 417|0x0000000774200000, 0x0000000774400000, 0x0000000774400000|100%| E|CS|TAMS 0x0000000774200000, 0x0000000774200000| Complete 
| 418|0x0000000774400000, 0x0000000774600000, 0x0000000774600000|100%| E|CS|TAMS 0x0000000774400000, 0x0000000774400000| Complete 
| 419|0x0000000774600000, 0x0000000774800000, 0x0000000774800000|100%| E|CS|TAMS 0x0000000774600000, 0x0000000774600000| Complete 
| 420|0x0000000774800000, 0x0000000774a00000, 0x0000000774a00000|100%| E|CS|TAMS 0x0000000774800000, 0x0000000774800000| Complete 
| 421|0x0000000774a00000, 0x0000000774c00000, 0x0000000774c00000|100%| E|CS|TAMS 0x0000000774a00000, 0x0000000774a00000| Complete 
| 422|0x0000000774c00000, 0x0000000774e00000, 0x0000000774e00000|100%| E|CS|TAMS 0x0000000774c00000, 0x0000000774c00000| Complete 
| 423|0x0000000774e00000, 0x0000000775000000, 0x0000000775000000|100%| E|CS|TAMS 0x0000000774e00000, 0x0000000774e00000| Complete 
| 424|0x0000000775000000, 0x0000000775200000, 0x0000000775200000|100%| E|CS|TAMS 0x0000000775000000, 0x0000000775000000| Complete 
| 425|0x0000000775200000, 0x0000000775400000, 0x0000000775400000|100%| E|CS|TAMS 0x0000000775200000, 0x0000000775200000| Complete 
| 426|0x0000000775400000, 0x0000000775600000, 0x0000000775600000|100%| E|CS|TAMS 0x0000000775400000, 0x0000000775400000| Complete 
| 427|0x0000000775600000, 0x0000000775800000, 0x0000000775800000|100%| E|CS|TAMS 0x0000000775600000, 0x0000000775600000| Complete 
| 428|0x0000000775800000, 0x0000000775a00000, 0x0000000775a00000|100%| E|CS|TAMS 0x0000000775800000, 0x0000000775800000| Complete 
| 429|0x0000000775a00000, 0x0000000775c00000, 0x0000000775c00000|100%| E|CS|TAMS 0x0000000775a00000, 0x0000000775a00000| Complete 
| 430|0x0000000775c00000, 0x0000000775e00000, 0x0000000775e00000|100%| E|CS|TAMS 0x0000000775c00000, 0x0000000775c00000| Complete 
| 431|0x0000000775e00000, 0x0000000776000000, 0x0000000776000000|100%| E|CS|TAMS 0x0000000775e00000, 0x0000000775e00000| Complete 
| 432|0x0000000776000000, 0x0000000776200000, 0x0000000776200000|100%| E|CS|TAMS 0x0000000776000000, 0x0000000776000000| Complete 
| 433|0x0000000776200000, 0x0000000776400000, 0x0000000776400000|100%| E|CS|TAMS 0x0000000776200000, 0x0000000776200000| Complete 
| 434|0x0000000776400000, 0x0000000776600000, 0x0000000776600000|100%| E|CS|TAMS 0x0000000776400000, 0x0000000776400000| Complete 
| 435|0x0000000776600000, 0x0000000776800000, 0x0000000776800000|100%| E|CS|TAMS 0x0000000776600000, 0x0000000776600000| Complete 
| 436|0x0000000776800000, 0x0000000776a00000, 0x0000000776a00000|100%| E|CS|TAMS 0x0000000776800000, 0x0000000776800000| Complete 
| 437|0x0000000776a00000, 0x0000000776c00000, 0x0000000776c00000|100%| E|CS|TAMS 0x0000000776a00000, 0x0000000776a00000| Complete 
| 438|0x0000000776c00000, 0x0000000776e00000, 0x0000000776e00000|100%| E|CS|TAMS 0x0000000776c00000, 0x0000000776c00000| Complete 
| 439|0x0000000776e00000, 0x0000000777000000, 0x0000000777000000|100%| E|CS|TAMS 0x0000000776e00000, 0x0000000776e00000| Complete 
| 440|0x0000000777000000, 0x0000000777200000, 0x0000000777200000|100%| E|CS|TAMS 0x0000000777000000, 0x0000000777000000| Complete 
| 441|0x0000000777200000, 0x0000000777400000, 0x0000000777400000|100%| E|CS|TAMS 0x0000000777200000, 0x0000000777200000| Complete 
| 442|0x0000000777400000, 0x0000000777600000, 0x0000000777600000|100%| E|CS|TAMS 0x0000000777400000, 0x0000000777400000| Complete 
| 443|0x0000000777600000, 0x0000000777800000, 0x0000000777800000|100%| E|CS|TAMS 0x0000000777600000, 0x0000000777600000| Complete 
| 444|0x0000000777800000, 0x0000000777a00000, 0x0000000777a00000|100%| E|CS|TAMS 0x0000000777800000, 0x0000000777800000| Complete 
| 445|0x0000000777a00000, 0x0000000777c00000, 0x0000000777c00000|100%| E|CS|TAMS 0x0000000777a00000, 0x0000000777a00000| Complete 
| 446|0x0000000777c00000, 0x0000000777e00000, 0x0000000777e00000|100%| E|CS|TAMS 0x0000000777c00000, 0x0000000777c00000| Complete 
| 447|0x0000000777e00000, 0x0000000778000000, 0x0000000778000000|100%| E|CS|TAMS 0x0000000777e00000, 0x0000000777e00000| Complete 
| 448|0x0000000778000000, 0x0000000778200000, 0x0000000778200000|100%| E|CS|TAMS 0x0000000778000000, 0x0000000778000000| Complete 
| 449|0x0000000778200000, 0x0000000778400000, 0x0000000778400000|100%| E|CS|TAMS 0x0000000778200000, 0x0000000778200000| Complete 
| 450|0x0000000778400000, 0x0000000778600000, 0x0000000778600000|100%| E|CS|TAMS 0x0000000778400000, 0x0000000778400000| Complete 
| 451|0x0000000778600000, 0x0000000778800000, 0x0000000778800000|100%| E|CS|TAMS 0x0000000778600000, 0x0000000778600000| Complete 
| 452|0x0000000778800000, 0x0000000778a00000, 0x0000000778a00000|100%| E|CS|TAMS 0x0000000778800000, 0x0000000778800000| Complete 
| 453|0x0000000778a00000, 0x0000000778c00000, 0x0000000778c00000|100%| E|CS|TAMS 0x0000000778a00000, 0x0000000778a00000| Complete 
| 454|0x0000000778c00000, 0x0000000778e00000, 0x0000000778e00000|100%| E|CS|TAMS 0x0000000778c00000, 0x0000000778c00000| Complete 
| 455|0x0000000778e00000, 0x0000000779000000, 0x0000000779000000|100%| E|CS|TAMS 0x0000000778e00000, 0x0000000778e00000| Complete 
| 456|0x0000000779000000, 0x0000000779200000, 0x0000000779200000|100%| E|CS|TAMS 0x0000000779000000, 0x0000000779000000| Complete 
| 457|0x0000000779200000, 0x0000000779400000, 0x0000000779400000|100%| E|CS|TAMS 0x0000000779200000, 0x0000000779200000| Complete 
| 458|0x0000000779400000, 0x0000000779600000, 0x0000000779600000|100%| E|CS|TAMS 0x0000000779400000, 0x0000000779400000| Complete 
| 459|0x0000000779600000, 0x0000000779800000, 0x0000000779800000|100%| E|CS|TAMS 0x0000000779600000, 0x0000000779600000| Complete 
| 460|0x0000000779800000, 0x0000000779a00000, 0x0000000779a00000|100%| E|CS|TAMS 0x0000000779800000, 0x0000000779800000| Complete 
| 461|0x0000000779a00000, 0x0000000779c00000, 0x0000000779c00000|100%| E|CS|TAMS 0x0000000779a00000, 0x0000000779a00000| Complete 
| 462|0x0000000779c00000, 0x0000000779e00000, 0x0000000779e00000|100%| E|CS|TAMS 0x0000000779c00000, 0x0000000779c00000| Complete 
| 463|0x0000000779e00000, 0x000000077a000000, 0x000000077a000000|100%| E|CS|TAMS 0x0000000779e00000, 0x0000000779e00000| Complete 
| 464|0x000000077a000000, 0x000000077a200000, 0x000000077a200000|100%| E|CS|TAMS 0x000000077a000000, 0x000000077a000000| Complete 
| 465|0x000000077a200000, 0x000000077a400000, 0x000000077a400000|100%| E|CS|TAMS 0x000000077a200000, 0x000000077a200000| Complete 
| 466|0x000000077a400000, 0x000000077a600000, 0x000000077a600000|100%| E|CS|TAMS 0x000000077a400000, 0x000000077a400000| Complete 
| 467|0x000000077a600000, 0x000000077a800000, 0x000000077a800000|100%| E|CS|TAMS 0x000000077a600000, 0x000000077a600000| Complete 
| 468|0x000000077a800000, 0x000000077aa00000, 0x000000077aa00000|100%| E|CS|TAMS 0x000000077a800000, 0x000000077a800000| Complete 
| 469|0x000000077aa00000, 0x000000077ac00000, 0x000000077ac00000|100%| E|CS|TAMS 0x000000077aa00000, 0x000000077aa00000| Complete 
| 470|0x000000077ac00000, 0x000000077ae00000, 0x000000077ae00000|100%| E|CS|TAMS 0x000000077ac00000, 0x000000077ac00000| Complete 
| 471|0x000000077ae00000, 0x000000077b000000, 0x000000077b000000|100%| E|CS|TAMS 0x000000077ae00000, 0x000000077ae00000| Complete 
| 472|0x000000077b000000, 0x000000077b200000, 0x000000077b200000|100%| E|CS|TAMS 0x000000077b000000, 0x000000077b000000| Complete 
| 473|0x000000077b200000, 0x000000077b400000, 0x000000077b400000|100%| E|CS|TAMS 0x000000077b200000, 0x000000077b200000| Complete 
| 474|0x000000077b400000, 0x000000077b600000, 0x000000077b600000|100%| E|CS|TAMS 0x000000077b400000, 0x000000077b400000| Complete 
| 475|0x000000077b600000, 0x000000077b800000, 0x000000077b800000|100%| E|CS|TAMS 0x000000077b600000, 0x000000077b600000| Complete 
| 476|0x000000077b800000, 0x000000077ba00000, 0x000000077ba00000|100%| E|CS|TAMS 0x000000077b800000, 0x000000077b800000| Complete 
| 477|0x000000077ba00000, 0x000000077bc00000, 0x000000077bc00000|100%| E|CS|TAMS 0x000000077ba00000, 0x000000077ba00000| Complete 
| 478|0x000000077bc00000, 0x000000077be00000, 0x000000077be00000|100%| E|CS|TAMS 0x000000077bc00000, 0x000000077bc00000| Complete 
| 479|0x000000077be00000, 0x000000077c000000, 0x000000077c000000|100%| E|CS|TAMS 0x000000077be00000, 0x000000077be00000| Complete 
| 480|0x000000077c000000, 0x000000077c200000, 0x000000077c200000|100%| E|CS|TAMS 0x000000077c000000, 0x000000077c000000| Complete 
| 481|0x000000077c200000, 0x000000077c400000, 0x000000077c400000|100%| E|CS|TAMS 0x000000077c200000, 0x000000077c200000| Complete 
| 482|0x000000077c400000, 0x000000077c600000, 0x000000077c600000|100%| E|CS|TAMS 0x000000077c400000, 0x000000077c400000| Complete 
| 483|0x000000077c600000, 0x000000077c800000, 0x000000077c800000|100%| E|CS|TAMS 0x000000077c600000, 0x000000077c600000| Complete 
| 484|0x000000077c800000, 0x000000077ca00000, 0x000000077ca00000|100%| E|CS|TAMS 0x000000077c800000, 0x000000077c800000| Complete 
| 485|0x000000077ca00000, 0x000000077cc00000, 0x000000077cc00000|100%| E|CS|TAMS 0x000000077ca00000, 0x000000077ca00000| Complete 
| 486|0x000000077cc00000, 0x000000077ce00000, 0x000000077ce00000|100%| E|CS|TAMS 0x000000077cc00000, 0x000000077cc00000| Complete 
| 487|0x000000077ce00000, 0x000000077d000000, 0x000000077d000000|100%| E|CS|TAMS 0x000000077ce00000, 0x000000077ce00000| Complete 
| 488|0x000000077d000000, 0x000000077d200000, 0x000000077d200000|100%| E|CS|TAMS 0x000000077d000000, 0x000000077d000000| Complete 
| 489|0x000000077d200000, 0x000000077d400000, 0x000000077d400000|100%| E|CS|TAMS 0x000000077d200000, 0x000000077d200000| Complete 
| 490|0x000000077d400000, 0x000000077d600000, 0x000000077d600000|100%| E|CS|TAMS 0x000000077d400000, 0x000000077d400000| Complete 
| 491|0x000000077d600000, 0x000000077d800000, 0x000000077d800000|100%| E|CS|TAMS 0x000000077d600000, 0x000000077d600000| Complete 
| 492|0x000000077d800000, 0x000000077da00000, 0x000000077da00000|100%| E|CS|TAMS 0x000000077d800000, 0x000000077d800000| Complete 
| 493|0x000000077da00000, 0x000000077dc00000, 0x000000077dc00000|100%| E|CS|TAMS 0x000000077da00000, 0x000000077da00000| Complete 
| 494|0x000000077dc00000, 0x000000077de00000, 0x000000077de00000|100%| E|CS|TAMS 0x000000077dc00000, 0x000000077dc00000| Complete 
| 495|0x000000077de00000, 0x000000077e000000, 0x000000077e000000|100%| E|CS|TAMS 0x000000077de00000, 0x000000077de00000| Complete 
| 496|0x000000077e000000, 0x000000077e200000, 0x000000077e200000|100%| E|CS|TAMS 0x000000077e000000, 0x000000077e000000| Complete 
| 497|0x000000077e200000, 0x000000077e400000, 0x000000077e400000|100%| E|CS|TAMS 0x000000077e200000, 0x000000077e200000| Complete 
| 498|0x000000077e400000, 0x000000077e600000, 0x000000077e600000|100%| E|CS|TAMS 0x000000077e400000, 0x000000077e400000| Complete 
| 499|0x000000077e600000, 0x000000077e800000, 0x000000077e800000|100%| E|CS|TAMS 0x000000077e600000, 0x000000077e600000| Complete 
| 500|0x000000077e800000, 0x000000077ea00000, 0x000000077ea00000|100%| E|CS|TAMS 0x000000077e800000, 0x000000077e800000| Complete 
| 501|0x000000077ea00000, 0x000000077ec00000, 0x000000077ec00000|100%| E|CS|TAMS 0x000000077ea00000, 0x000000077ea00000| Complete 
| 502|0x000000077ec00000, 0x000000077ee00000, 0x000000077ee00000|100%| E|CS|TAMS 0x000000077ec00000, 0x000000077ec00000| Complete 
| 503|0x000000077ee00000, 0x000000077f000000, 0x000000077f000000|100%| E|CS|TAMS 0x000000077ee00000, 0x000000077ee00000| Complete 
| 504|0x000000077f000000, 0x000000077f200000, 0x000000077f200000|100%| E|CS|TAMS 0x000000077f000000, 0x000000077f000000| Complete 
| 505|0x000000077f200000, 0x000000077f400000, 0x000000077f400000|100%| E|CS|TAMS 0x000000077f200000, 0x000000077f200000| Complete 
| 506|0x000000077f400000, 0x000000077f600000, 0x000000077f600000|100%| E|CS|TAMS 0x000000077f400000, 0x000000077f400000| Complete 
| 507|0x000000077f600000, 0x000000077f800000, 0x000000077f800000|100%| E|CS|TAMS 0x000000077f600000, 0x000000077f600000| Complete 
| 508|0x000000077f800000, 0x000000077fa00000, 0x000000077fa00000|100%| E|CS|TAMS 0x000000077f800000, 0x000000077f800000| Complete 
| 509|0x000000077fa00000, 0x000000077fc00000, 0x000000077fc00000|100%| E|CS|TAMS 0x000000077fa00000, 0x000000077fa00000| Complete 
| 510|0x000000077fc00000, 0x000000077fe00000, 0x000000077fe00000|100%| E|CS|TAMS 0x000000077fc00000, 0x000000077fc00000| Complete 
| 511|0x000000077fe00000, 0x0000000780000000, 0x0000000780000000|100%| E|CS|TAMS 0x000000077fe00000, 0x000000077fe00000| Complete 
| 512|0x0000000780000000, 0x0000000780200000, 0x0000000780200000|100%| E|CS|TAMS 0x0000000780000000, 0x0000000780000000| Complete 
| 513|0x0000000780200000, 0x0000000780400000, 0x0000000780400000|100%| E|CS|TAMS 0x0000000780200000, 0x0000000780200000| Complete 
| 514|0x0000000780400000, 0x0000000780600000, 0x0000000780600000|100%| E|CS|TAMS 0x0000000780400000, 0x0000000780400000| Complete 
| 515|0x0000000780600000, 0x0000000780800000, 0x0000000780800000|100%| E|CS|TAMS 0x0000000780600000, 0x0000000780600000| Complete 
| 516|0x0000000780800000, 0x0000000780a00000, 0x0000000780a00000|100%| E|CS|TAMS 0x0000000780800000, 0x0000000780800000| Complete 
| 517|0x0000000780a00000, 0x0000000780c00000, 0x0000000780c00000|100%| E|CS|TAMS 0x0000000780a00000, 0x0000000780a00000| Complete 
| 518|0x0000000780c00000, 0x0000000780e00000, 0x0000000780e00000|100%| E|CS|TAMS 0x0000000780c00000, 0x0000000780c00000| Complete 
| 519|0x0000000780e00000, 0x0000000781000000, 0x0000000781000000|100%| E|CS|TAMS 0x0000000780e00000, 0x0000000780e00000| Complete 
| 520|0x0000000781000000, 0x0000000781200000, 0x0000000781200000|100%| E|CS|TAMS 0x0000000781000000, 0x0000000781000000| Complete 
| 521|0x0000000781200000, 0x0000000781400000, 0x0000000781400000|100%| E|CS|TAMS 0x0000000781200000, 0x0000000781200000| Complete 
| 522|0x0000000781400000, 0x0000000781600000, 0x0000000781600000|100%| E|CS|TAMS 0x0000000781400000, 0x0000000781400000| Complete 
| 523|0x0000000781600000, 0x0000000781800000, 0x0000000781800000|100%| E|CS|TAMS 0x0000000781600000, 0x0000000781600000| Complete 
| 524|0x0000000781800000, 0x0000000781a00000, 0x0000000781a00000|100%| E|CS|TAMS 0x0000000781800000, 0x0000000781800000| Complete 
| 525|0x0000000781a00000, 0x0000000781c00000, 0x0000000781c00000|100%| E|CS|TAMS 0x0000000781a00000, 0x0000000781a00000| Complete 
| 526|0x0000000781c00000, 0x0000000781e00000, 0x0000000781e00000|100%| E|CS|TAMS 0x0000000781c00000, 0x0000000781c00000| Complete 
| 527|0x0000000781e00000, 0x0000000782000000, 0x0000000782000000|100%| E|CS|TAMS 0x0000000781e00000, 0x0000000781e00000| Complete 
| 528|0x0000000782000000, 0x0000000782200000, 0x0000000782200000|100%| E|CS|TAMS 0x0000000782000000, 0x0000000782000000| Complete 
| 529|0x0000000782200000, 0x0000000782400000, 0x0000000782400000|100%| E|CS|TAMS 0x0000000782200000, 0x0000000782200000| Complete 
| 530|0x0000000782400000, 0x0000000782600000, 0x0000000782600000|100%| E|CS|TAMS 0x0000000782400000, 0x0000000782400000| Complete 
| 531|0x0000000782600000, 0x0000000782800000, 0x0000000782800000|100%| E|CS|TAMS 0x0000000782600000, 0x0000000782600000| Complete 
| 532|0x0000000782800000, 0x0000000782a00000, 0x0000000782a00000|100%| E|CS|TAMS 0x0000000782800000, 0x0000000782800000| Complete 
| 533|0x0000000782a00000, 0x0000000782c00000, 0x0000000782c00000|100%| E|CS|TAMS 0x0000000782a00000, 0x0000000782a00000| Complete 
| 534|0x0000000782c00000, 0x0000000782e00000, 0x0000000782e00000|100%| E|CS|TAMS 0x0000000782c00000, 0x0000000782c00000| Complete 
| 535|0x0000000782e00000, 0x0000000783000000, 0x0000000783000000|100%| E|CS|TAMS 0x0000000782e00000, 0x0000000782e00000| Complete 
| 536|0x0000000783000000, 0x0000000783200000, 0x0000000783200000|100%| E|CS|TAMS 0x0000000783000000, 0x0000000783000000| Complete 
| 537|0x0000000783200000, 0x0000000783400000, 0x0000000783400000|100%| E|CS|TAMS 0x0000000783200000, 0x0000000783200000| Complete 
| 538|0x0000000783400000, 0x0000000783600000, 0x0000000783600000|100%| E|CS|TAMS 0x0000000783400000, 0x0000000783400000| Complete 
| 539|0x0000000783600000, 0x0000000783800000, 0x0000000783800000|100%| E|CS|TAMS 0x0000000783600000, 0x0000000783600000| Complete 
| 540|0x0000000783800000, 0x0000000783a00000, 0x0000000783a00000|100%| E|CS|TAMS 0x0000000783800000, 0x0000000783800000| Complete 
| 541|0x0000000783a00000, 0x0000000783c00000, 0x0000000783c00000|100%| E|CS|TAMS 0x0000000783a00000, 0x0000000783a00000| Complete 
| 542|0x0000000783c00000, 0x0000000783e00000, 0x0000000783e00000|100%| E|CS|TAMS 0x0000000783c00000, 0x0000000783c00000| Complete 
| 543|0x0000000783e00000, 0x0000000784000000, 0x0000000784000000|100%| E|CS|TAMS 0x0000000783e00000, 0x0000000783e00000| Complete 
| 544|0x0000000784000000, 0x0000000784200000, 0x0000000784200000|100%| E|CS|TAMS 0x0000000784000000, 0x0000000784000000| Complete 
| 545|0x0000000784200000, 0x0000000784400000, 0x0000000784400000|100%| E|CS|TAMS 0x0000000784200000, 0x0000000784200000| Complete 
| 546|0x0000000784400000, 0x0000000784600000, 0x0000000784600000|100%| E|CS|TAMS 0x0000000784400000, 0x0000000784400000| Complete 
| 547|0x0000000784600000, 0x0000000784800000, 0x0000000784800000|100%| E|CS|TAMS 0x0000000784600000, 0x0000000784600000| Complete 
| 548|0x0000000784800000, 0x0000000784a00000, 0x0000000784a00000|100%| E|CS|TAMS 0x0000000784800000, 0x0000000784800000| Complete 
| 549|0x0000000784a00000, 0x0000000784c00000, 0x0000000784c00000|100%| E|CS|TAMS 0x0000000784a00000, 0x0000000784a00000| Complete 
| 550|0x0000000784c00000, 0x0000000784e00000, 0x0000000784e00000|100%| E|CS|TAMS 0x0000000784c00000, 0x0000000784c00000| Complete 
| 551|0x0000000784e00000, 0x0000000785000000, 0x0000000785000000|100%| E|CS|TAMS 0x0000000784e00000, 0x0000000784e00000| Complete 
| 552|0x0000000785000000, 0x0000000785200000, 0x0000000785200000|100%| E|CS|TAMS 0x0000000785000000, 0x0000000785000000| Complete 
| 553|0x0000000785200000, 0x0000000785400000, 0x0000000785400000|100%| E|CS|TAMS 0x0000000785200000, 0x0000000785200000| Complete 
| 554|0x0000000785400000, 0x0000000785600000, 0x0000000785600000|100%| E|CS|TAMS 0x0000000785400000, 0x0000000785400000| Complete 
| 555|0x0000000785600000, 0x0000000785800000, 0x0000000785800000|100%| E|CS|TAMS 0x0000000785600000, 0x0000000785600000| Complete 
| 556|0x0000000785800000, 0x0000000785a00000, 0x0000000785a00000|100%| E|CS|TAMS 0x0000000785800000, 0x0000000785800000| Complete 
| 557|0x0000000785a00000, 0x0000000785c00000, 0x0000000785c00000|100%| E|CS|TAMS 0x0000000785a00000, 0x0000000785a00000| Complete 
| 558|0x0000000785c00000, 0x0000000785e00000, 0x0000000785e00000|100%| E|CS|TAMS 0x0000000785c00000, 0x0000000785c00000| Complete 
| 559|0x0000000785e00000, 0x0000000786000000, 0x0000000786000000|100%| E|CS|TAMS 0x0000000785e00000, 0x0000000785e00000| Complete 
|1514|0x00000007fd400000, 0x00000007fd600000, 0x00000007fd600000|100%| E|CS|TAMS 0x00000007fd400000, 0x00000007fd400000| Complete 
|1515|0x00000007fd600000, 0x00000007fd800000, 0x00000007fd800000|100%| O|  |TAMS 0x00000007fd800000, 0x00000007fd600000| Untracked 
|1516|0x00000007fd800000, 0x00000007fda00000, 0x00000007fda00000|100%| E|CS|TAMS 0x00000007fd800000, 0x00000007fd800000| Complete 
|1517|0x00000007fda00000, 0x00000007fdc00000, 0x00000007fdc00000|100%| O|  |TAMS 0x00000007fdc00000, 0x00000007fda00000| Untracked 
|1518|0x00000007fdc00000, 0x00000007fde00000, 0x00000007fde00000|100%| E|CS|TAMS 0x00000007fdc00000, 0x00000007fdc00000| Complete 
|1519|0x00000007fde00000, 0x00000007fe000000, 0x00000007fe000000|100%| O|  |TAMS 0x00000007fe000000, 0x00000007fde00000| Untracked 
|1520|0x00000007fe000000, 0x00000007fe200000, 0x00000007fe200000|100%| O|  |TAMS 0x00000007fe200000, 0x00000007fe000000| Complete 
|1521|0x00000007fe200000, 0x00000007fe400000, 0x00000007fe400000|100%| O|  |TAMS 0x00000007fe400000, 0x00000007fe200000| Untracked 
|1522|0x00000007fe400000, 0x00000007fe600000, 0x00000007fe600000|100%| O|  |TAMS 0x00000007fe600000, 0x00000007fe400000| Untracked 
|1523|0x00000007fe600000, 0x00000007fe800000, 0x00000007fe800000|100%| O|  |TAMS 0x00000007fe800000, 0x00000007fe600000| Untracked 
|1524|0x00000007fe800000, 0x00000007fea00000, 0x00000007fea00000|100%| O|  |TAMS 0x00000007fea00000, 0x00000007fe800000| Untracked 
|1525|0x00000007fea00000, 0x00000007fec00000, 0x00000007fec00000|100%| O|  |TAMS 0x00000007fec00000, 0x00000007fea00000| Untracked 
|1526|0x00000007fec00000, 0x00000007fee00000, 0x00000007fee00000|100%| O|  |TAMS 0x00000007fee00000, 0x00000007fec00000| Untracked 
|1527|0x00000007fee00000, 0x00000007ff000000, 0x00000007ff000000|100%| O|  |TAMS 0x00000007ff000000, 0x00000007fee00000| Untracked 
|1528|0x00000007ff000000, 0x00000007ff200000, 0x00000007ff200000|100%| E|CS|TAMS 0x00000007ff000000, 0x00000007ff000000| Complete 
|1529|0x00000007ff200000, 0x00000007ff400000, 0x00000007ff400000|100%| O|  |TAMS 0x00000007ff400000, 0x00000007ff200000| Untracked 
|1530|0x00000007ff400000, 0x00000007ff600000, 0x00000007ff600000|100%| O|  |TAMS 0x00000007ff600000, 0x00000007ff400000| Untracked 
|1531|0x00000007ff600000, 0x00000007ff800000, 0x00000007ff800000|100%| O|  |TAMS 0x00000007ff800000, 0x00000007ff600000| Untracked 
|1532|0x00000007ff800000, 0x00000007ffa00000, 0x00000007ffa00000|100%| O|  |TAMS 0x00000007ffa00000, 0x00000007ff800000| Untracked 
|1533|0x00000007ffa00000, 0x00000007ffc00000, 0x00000007ffc00000|100%| O|  |TAMS 0x00000007ffc00000, 0x00000007ffa00000| Untracked 
|1534|0x00000007ffc00000, 0x00000007ffe00000, 0x00000007ffe00000|100%| O|  |TAMS 0x00000007ffe00000, 0x00000007ffc00000| Untracked 
|1535|0x00000007ffe00000, 0x0000000800000000, 0x0000000800000000|100%| O|  |TAMS 0x0000000800000000, 0x00000007ffe00000| Untracked 

Card table byte_map: [0x000001d1a02b0000,0x000001d1a08b0000] _byte_map_base: 0x000001d19c8b0000

Marking Bits (Prev, Next): (CMBitMap*) 0x000001d18945b8e0, (CMBitMap*) 0x000001d18945b8a0
 Prev Bits: [0x000001d1a3eb0000, 0x000001d1a6eb0000)
 Next Bits: [0x000001d1a0eb0000, 0x000001d1a3eb0000)

Polling page: 0x000001d187150000

Metaspace:

Usage:
  Non-class:    119.58 MB used.
      Class:     22.93 MB used.
       Both:    142.52 MB used.

Virtual space:
  Non-class space:      128.00 MB reserved,     121.00 MB ( 95%) committed,  2 nodes.
      Class space:        1.00 GB reserved,      24.00 MB (  2%) committed,  1 nodes.
             Both:        1.12 GB reserved,     145.00 MB ( 13%) committed. 

Chunk freelists:
   Non-Class:  6.11 MB
       Class:  7.98 MB
        Both:  14.08 MB

MaxMetaspaceSize: unlimited
CompressedClassSpaceSize: 1.00 GB
Initial GC threshold: 21.00 MB
Current GC threshold: 160.31 MB
CDS: on
MetaspaceReclaimPolicy: balanced
 - commit_granule_bytes: 65536.
 - commit_granule_words: 8192.
 - virtual_space_node_default_size: 8388608.
 - enlarge_chunks_in_place: 1.
 - new_chunks_are_fully_committed: 0.
 - uncommit_free_chunks: 1.
 - use_allocation_guard: 0.
 - handle_deallocations: 1.


Internal statistics:

num_allocs_failed_limit: 6.
num_arena_births: 5598.
num_arena_deaths: 1678.
num_vsnodes_births: 3.
num_vsnodes_deaths: 0.
num_space_committed: 2364.
num_space_uncommitted: 49.
num_chunks_returned_to_freelist: 3048.
num_chunks_taken_from_freelist: 13241.
num_chunk_merges: 1344.
num_chunk_splits: 8759.
num_chunks_enlarged: 5442.
num_inconsistent_stats: 0.

CodeHeap 'non-profiled nmethods': size=120000Kb used=11921Kb max_used=12633Kb free=108078Kb
 bounds [0x000001d198780000, 0x000001d1993e0000, 0x000001d19fcb0000]
CodeHeap 'profiled nmethods': size=120000Kb used=16373Kb max_used=18865Kb free=103627Kb
 bounds [0x000001d190cb0000, 0x000001d191f30000, 0x000001d1981e0000]
CodeHeap 'non-nmethods': size=5760Kb used=2378Kb max_used=2419Kb free=3381Kb
 bounds [0x000001d1981e0000, 0x000001d198450000, 0x000001d198780000]
 total_blobs=12855 nmethods=10836 adapters=1930
 compilation: enabled
              stopped_count=0, restarted_count=0
 full_count=0

Compilation events (20 events):
Event: 144.313 Thread 0x000001d1a93dd190 25667       3       jdk.internal.reflect.UnsafeStaticFieldAccessorImpl::<init> (17 bytes)
Event: 144.314 Thread 0x000001d1a93dd190 nmethod 25667 0x000001d191654490 code [0x000001d191654660, 0x000001d1916549c8]
Event: 144.318 Thread 0x000001d1a93dd190 25668       3       sun.nio.ch.NativeDispatcher::<init> (5 bytes)
Event: 144.319 Thread 0x000001d1a93dd190 nmethod 25668 0x000001d191654110 code [0x000001d1916542a0, 0x000001d1916543f8]
Event: 144.326 Thread 0x000001d1a93dd190 25669       3       java.util.concurrent.Semaphore$Sync::tryReleaseShared (38 bytes)
Event: 144.326 Thread 0x000001d1a93dd190 nmethod 25669 0x000001d191653a90 code [0x000001d191653c60, 0x000001d191653f98]
Event: 144.336 Thread 0x000001d1a93dd190 25670       3       com.google.gson.stream.JsonReader::nextNonWhitespace (357 bytes)
Event: 144.340 Thread 0x000001d1a93dd190 nmethod 25670 0x000001d191650c10 code [0x000001d1916510c0, 0x000001d191652fd8]
Event: 144.340 Thread 0x000001d1a93dd190 25671       3       java.util.UUID::parse4Nibbles (87 bytes)
Event: 144.341 Thread 0x000001d1a93dd190 nmethod 25671 0x000001d19164e910 code [0x000001d19164ec60, 0x000001d191650278]
Event: 144.344 Thread 0x000001d1a93dd190 25672       1       net.minecraftforge.fml.javafmlmod.FMLModContainer::getEventBus (5 bytes)
Event: 144.344 Thread 0x000001d1a93dd190 nmethod 25672 0x000001d1993b0c10 code [0x000001d1993b0da0, 0x000001d1993b0e78]
Event: 144.348 Thread 0x000001d1a93dd190 25673       3       sun.reflect.generics.parser.SignatureParser::parseIdentifier (13 bytes)
Event: 144.348 Thread 0x000001d1a93dd190 nmethod 25673 0x000001d19164e390 code [0x000001d19164e540, 0x000001d19164e798]
Event: 144.356 Thread 0x000001d1a93dd190 25674       1       net.minecraftforge.fml.ModLoadingContext::extension (5 bytes)
Event: 144.356 Thread 0x000001d1a93dd190 nmethod 25674 0x000001d1993b0f10 code [0x000001d1993b10a0, 0x000001d1993b1178]
Event: 144.356 Thread 0x000001d1a93dd190 25675       3       java.lang.invoke.MemberName::asSpecial (89 bytes)
Event: 144.357 Thread 0x000001d1a93dd190 nmethod 25675 0x000001d19164cf90 code [0x000001d19164d260, 0x000001d19164df28]
Event: 144.368 Thread 0x000001d1a93dd190 25676       3       net.minecraftforge.eventbus.ModLauncherFactory$$Lambda$5446/0x000001d1ac05f220::apply (12 bytes)
Event: 144.369 Thread 0x000001d1a93dd190 nmethod 25676 0x000001d19164ca90 code [0x000001d19164cc40, 0x000001d19164ceb8]

GC Heap History (20 events):
Event: 104.482 GC heap before
{Heap before GC invocations=48 (full 0):
 garbage-first heap   total 919552K, used 872036K [0x0000000740000000, 0x0000000800000000)
  region size 2048K, 200 young (409600K), 14 survivors (28672K)
 Metaspace       used 59958K, committed 62144K, reserved 1114112K
  class space    used 7231K, committed 8192K, reserved 1048576K
}
Event: 104.505 GC heap after
{Heap after GC invocations=49 (full 0):
 garbage-first heap   total 919552K, used 497252K [0x0000000740000000, 0x0000000800000000)
  region size 2048K, 16 young (32768K), 16 survivors (32768K)
 Metaspace       used 59958K, committed 62144K, reserved 1114112K
  class space    used 7231K, committed 8192K, reserved 1048576K
}
Event: 107.783 GC heap before
{Heap before GC invocations=50 (full 0):
 garbage-first heap   total 1013760K, used 951908K [0x0000000740000000, 0x0000000800000000)
  region size 2048K, 230 young (471040K), 16 survivors (32768K)
 Metaspace       used 62417K, committed 64576K, reserved 1114112K
  class space    used 7487K, committed 8448K, reserved 1048576K
}
Event: 107.815 GC heap after
{Heap after GC invocations=51 (full 0):
 garbage-first heap   total 1013760K, used 509886K [0x0000000740000000, 0x0000000800000000)
  region size 2048K, 21 young (43008K), 21 survivors (43008K)
 Metaspace       used 62417K, committed 64576K, reserved 1114112K
  class space    used 7487K, committed 8448K, reserved 1048576K
}
Event: 112.005 GC heap before
{Heap before GC invocations=51 (full 0):
 garbage-first heap   total 1013760K, used 937918K [0x0000000740000000, 0x0000000800000000)
  region size 2048K, 230 young (471040K), 21 survivors (43008K)
 Metaspace       used 66985K, committed 69120K, reserved 1114112K
  class space    used 8169K, committed 9088K, reserved 1048576K
}
Event: 112.072 GC heap after
{Heap after GC invocations=52 (full 0):
 garbage-first heap   total 1013760K, used 515975K [0x0000000740000000, 0x0000000800000000)
  region size 2048K, 18 young (36864K), 18 survivors (36864K)
 Metaspace       used 66985K, committed 69120K, reserved 1114112K
  class space    used 8169K, committed 9088K, reserved 1048576K
}
Event: 116.806 GC heap before
{Heap before GC invocations=52 (full 0):
 garbage-first heap   total 1013760K, used 950151K [0x0000000740000000, 0x0000000800000000)
  region size 2048K, 230 young (471040K), 18 survivors (36864K)
 Metaspace       used 74732K, committed 76864K, reserved 1179648K
  class space    used 9695K, committed 10624K, reserved 1048576K
}
Event: 116.857 GC heap after
{Heap after GC invocations=53 (full 0):
 garbage-first heap   total 1013760K, used 529888K [0x0000000740000000, 0x0000000800000000)
  region size 2048K, 20 young (40960K), 20 survivors (40960K)
 Metaspace       used 74732K, committed 76864K, reserved 1179648K
  class space    used 9695K, committed 10624K, reserved 1048576K
}
Event: 123.520 GC heap before
{Heap before GC invocations=53 (full 0):
 garbage-first heap   total 1013760K, used 947680K [0x0000000740000000, 0x0000000800000000)
  region size 2048K, 225 young (460800K), 20 survivors (40960K)
 Metaspace       used 85606K, committed 87936K, reserved 1179648K
  class space    used 12416K, committed 13440K, reserved 1048576K
}
Event: 123.561 GC heap after
{Heap after GC invocations=54 (full 0):
 garbage-first heap   total 1013760K, used 536078K [0x0000000740000000, 0x0000000800000000)
  region size 2048K, 14 young (28672K), 14 survivors (28672K)
 Metaspace       used 85606K, committed 87936K, reserved 1179648K
  class space    used 12416K, committed 13440K, reserved 1048576K
}
Event: 127.284 GC heap before
{Heap before GC invocations=54 (full 0):
 garbage-first heap   total 1013760K, used 962062K [0x0000000740000000, 0x0000000800000000)
  region size 2048K, 223 young (456704K), 14 survivors (28672K)
 Metaspace       used 94690K, committed 97088K, reserved 1179648K
  class space    used 14310K, committed 15360K, reserved 1048576K
}
Event: 127.320 GC heap after
{Heap after GC invocations=55 (full 0):
 garbage-first heap   total 1013760K, used 545294K [0x0000000740000000, 0x0000000800000000)
  region size 2048K, 18 young (36864K), 18 survivors (36864K)
 Metaspace       used 94690K, committed 97088K, reserved 1179648K
  class space    used 14310K, committed 15360K, reserved 1048576K
}
Event: 131.893 GC heap before
{Heap before GC invocations=56 (full 0):
 garbage-first heap   total 1191936K, used 979470K [0x0000000740000000, 0x0000000800000000)
  region size 2048K, 230 young (471040K), 18 survivors (36864K)
 Metaspace       used 100326K, committed 102656K, reserved 1179648K
  class space    used 15040K, committed 16064K, reserved 1048576K
}
Event: 131.934 GC heap after
{Heap after GC invocations=57 (full 0):
 garbage-first heap   total 1191936K, used 552584K [0x0000000740000000, 0x0000000800000000)
  region size 2048K, 19 young (38912K), 19 survivors (38912K)
 Metaspace       used 100326K, committed 102656K, reserved 1179648K
  class space    used 15040K, committed 16064K, reserved 1048576K
}
Event: 136.227 GC heap before
{Heap before GC invocations=57 (full 0):
 garbage-first heap   total 1191936K, used 984712K [0x0000000740000000, 0x0000000800000000)
  region size 2048K, 230 young (471040K), 19 survivors (38912K)
 Metaspace       used 109578K, committed 112000K, reserved 1179648K
  class space    used 16228K, committed 17280K, reserved 1048576K
}
Event: 136.278 GC heap after
{Heap after GC invocations=58 (full 0):
 garbage-first heap   total 1191936K, used 545380K [0x0000000740000000, 0x0000000800000000)
  region size 2048K, 16 young (32768K), 16 survivors (32768K)
 Metaspace       used 109578K, committed 112000K, reserved 1179648K
  class space    used 16228K, committed 17280K, reserved 1048576K
}
Event: 138.819 GC heap before
{Heap before GC invocations=58 (full 0):
 garbage-first heap   total 1191936K, used 983652K [0x0000000740000000, 0x0000000800000000)
  region size 2048K, 230 young (471040K), 16 survivors (32768K)
 Metaspace       used 118822K, committed 121344K, reserved 1179648K
  class space    used 17914K, committed 19008K, reserved 1048576K
}
Event: 138.868 GC heap after
{Heap after GC invocations=59 (full 0):
 garbage-first heap   total 1191936K, used 557115K [0x0000000740000000, 0x0000000800000000)
  region size 2048K, 19 young (38912K), 19 survivors (38912K)
 Metaspace       used 118822K, committed 121344K, reserved 1179648K
  class space    used 17914K, committed 19008K, reserved 1048576K
}
Event: 143.536 GC heap before
{Heap before GC invocations=59 (full 0):
 garbage-first heap   total 1191936K, used 989243K [0x0000000740000000, 0x0000000800000000)
  region size 2048K, 230 young (471040K), 19 survivors (38912K)
 Metaspace       used 134049K, committed 136448K, reserved 1179648K
  class space    used 21030K, committed 22080K, reserved 1048576K
}
Event: 143.623 GC heap after
{Heap after GC invocations=60 (full 0):
 garbage-first heap   total 1191936K, used 566406K [0x0000000740000000, 0x0000000800000000)
  region size 2048K, 19 young (38912K), 19 survivors (38912K)
 Metaspace       used 134049K, committed 136448K, reserved 1179648K
  class space    used 21030K, committed 22080K, reserved 1048576K
}

Deoptimization events (20 events):
Event: 144.006 Thread 0x000001d279efd9d0 DEOPT PACKING pc=0x000001d198f1a3f0 sp=0x00000048a9ffd240
Event: 144.006 Thread 0x000001d279efd9d0 DEOPT UNPACKING pc=0x000001d1982323a3 sp=0x00000048a9ffd1d8 mode 2
Event: 144.007 Thread 0x000001d279efd9d0 Uncommon trap: trap_request=0xffffff45 fr.pc=0x000001d198f1afc4 relative=0x00000000000001a4
Event: 144.007 Thread 0x000001d279efd9d0 Uncommon trap: reason=unstable_if action=reinterpret pc=0x000001d198f1afc4 method=com.google.common.collect.RegularImmutableMap.get(Ljava/lang/Object;[Lcom/google/common/collect/ImmutableMapEntry;I)Ljava/lang/Object; @ 27 c2
Event: 144.007 Thread 0x000001d279efd9d0 DEOPT PACKING pc=0x000001d198f1afc4 sp=0x00000048a9ffd340
Event: 144.007 Thread 0x000001d279efd9d0 DEOPT UNPACKING pc=0x000001d1982323a3 sp=0x00000048a9ffd258 mode 2
Event: 144.031 Thread 0x000001d1ef9fd610 DEOPT PACKING pc=0x000001d190e309e3 sp=0x00000048a8afc080
Event: 144.031 Thread 0x000001d1ef9fd610 DEOPT UNPACKING pc=0x000001d198232b43 sp=0x00000048a8afb530 mode 0
Event: 144.031 Thread 0x000001d1ef9fd610 Uncommon trap: trap_request=0xffffff6e fr.pc=0x000001d19931e838 relative=0x0000000000001cf8
Event: 144.031 Thread 0x000001d1ef9fd610 Uncommon trap: reason=loop_limit_check action=maybe_recompile pc=0x000001d19931e838 method=net.minecraft.world.phys.shapes.BitSetDiscreteVoxelShape.m_165963_(Lnet/minecraft/world/phys/shapes/DiscreteVoxelShape;Lnet/minecraft/world/phys/shapes/DiscreteVoxe
Event: 144.031 Thread 0x000001d1ef9fd610 DEOPT PACKING pc=0x000001d19931e838 sp=0x00000048a8afc060
Event: 144.031 Thread 0x000001d1ef9fd610 DEOPT UNPACKING pc=0x000001d1982323a3 sp=0x00000048a8afc030 mode 2
Event: 144.296 Thread 0x000001d1ef9fd610 Uncommon trap: trap_request=0xffffff6e fr.pc=0x000001d1993a820c relative=0x00000000000029ac
Event: 144.296 Thread 0x000001d1ef9fd610 Uncommon trap: reason=loop_limit_check action=maybe_recompile pc=0x000001d1993a820c method=net.minecraft.world.phys.shapes.BitSetDiscreteVoxelShape.m_165963_(Lnet/minecraft/world/phys/shapes/DiscreteVoxelShape;Lnet/minecraft/world/phys/shapes/DiscreteVoxe
Event: 144.296 Thread 0x000001d1ef9fd610 DEOPT PACKING pc=0x000001d1993a820c sp=0x00000048a8afbf10
Event: 144.296 Thread 0x000001d1ef9fd610 DEOPT UNPACKING pc=0x000001d1982323a3 sp=0x00000048a8afbf00 mode 2
Event: 144.336 Thread 0x000001d279efd9d0 Uncommon trap: trap_request=0xffffff45 fr.pc=0x000001d1990afc48 relative=0x00000000000002a8
Event: 144.336 Thread 0x000001d279efd9d0 Uncommon trap: reason=unstable_if action=reinterpret pc=0x000001d1990afc48 method=com.google.gson.stream.JsonReader.nextNonWhitespace(Z)I @ 110 c2
Event: 144.336 Thread 0x000001d279efd9d0 DEOPT PACKING pc=0x000001d1990afc48 sp=0x00000048a9ffd1d0
Event: 144.336 Thread 0x000001d279efd9d0 DEOPT UNPACKING pc=0x000001d1982323a3 sp=0x00000048a9ffd150 mode 2

Classes unloaded (20 events):
Event: 90.134 Thread 0x000001d1a937f240 Unloading class 0x000001d1ab650800 'me/decce/ixeris/core/shadow/classtransform/utils/annotations/AnnotationWrapper+0x000001d1ab650800'
Event: 90.134 Thread 0x000001d1a937f240 Unloading class 0x000001d1ab650400 'me/decce/ixeris/core/shadow/classtransform/utils/annotations/AnnotationWrapper+0x000001d1ab650400'
Event: 90.134 Thread 0x000001d1a937f240 Unloading class 0x000001d1ab650000 'me/decce/ixeris/core/shadow/classtransform/utils/annotations/AnnotationWrapper+0x000001d1ab650000'
Event: 90.134 Thread 0x000001d1a937f240 Unloading class 0x000001d1ab64b800 'me/decce/ixeris/core/shadow/classtransform/utils/annotations/AnnotationWrapper+0x000001d1ab64b800'
Event: 90.134 Thread 0x000001d1a937f240 Unloading class 0x000001d1ab64b400 'me/decce/ixeris/core/shadow/classtransform/utils/annotations/AnnotationWrapper+0x000001d1ab64b400'
Event: 90.134 Thread 0x000001d1a937f240 Unloading class 0x000001d1ab64b000 'me/decce/ixeris/core/shadow/classtransform/utils/annotations/AnnotationWrapper+0x000001d1ab64b000'
Event: 90.134 Thread 0x000001d1a937f240 Unloading class 0x000001d1ab64ac00 'me/decce/ixeris/core/shadow/classtransform/utils/annotations/AnnotationWrapper+0x000001d1ab64ac00'
Event: 90.134 Thread 0x000001d1a937f240 Unloading class 0x000001d1ab64a800 'me/decce/ixeris/core/shadow/classtransform/utils/annotations/AnnotationWrapper+0x000001d1ab64a800'
Event: 90.134 Thread 0x000001d1a937f240 Unloading class 0x000001d1ab64a400 'me/decce/ixeris/core/shadow/classtransform/utils/annotations/AnnotationWrapper+0x000001d1ab64a400'
Event: 90.134 Thread 0x000001d1a937f240 Unloading class 0x000001d1ab64a000 'me/decce/ixeris/core/shadow/classtransform/utils/annotations/AnnotationWrapper+0x000001d1ab64a000'
Event: 90.134 Thread 0x000001d1a937f240 Unloading class 0x000001d1ab649c00 'me/decce/ixeris/core/shadow/classtransform/utils/annotations/AnnotationWrapper+0x000001d1ab649c00'
Event: 90.134 Thread 0x000001d1a937f240 Unloading class 0x000001d1ab649800 'me/decce/ixeris/core/shadow/classtransform/utils/annotations/AnnotationWrapper+0x000001d1ab649800'
Event: 90.134 Thread 0x000001d1a937f240 Unloading class 0x000001d1ab649400 'me/decce/ixeris/core/shadow/classtransform/utils/annotations/AnnotationWrapper+0x000001d1ab649400'
Event: 90.134 Thread 0x000001d1a937f240 Unloading class 0x000001d1ab649000 'me/decce/ixeris/core/shadow/classtransform/utils/annotations/AnnotationWrapper+0x000001d1ab649000'
Event: 90.134 Thread 0x000001d1a937f240 Unloading class 0x000001d1ab648c00 'me/decce/ixeris/core/shadow/classtransform/utils/annotations/AnnotationWrapper+0x000001d1ab648c00'
Event: 90.134 Thread 0x000001d1a937f240 Unloading class 0x000001d1ab648800 'me/decce/ixeris/core/shadow/classtransform/utils/annotations/AnnotationWrapper+0x000001d1ab648800'
Event: 90.134 Thread 0x000001d1a937f240 Unloading class 0x000001d1ab648400 'me/decce/ixeris/core/shadow/classtransform/utils/annotations/AnnotationWrapper+0x000001d1ab648400'
Event: 90.134 Thread 0x000001d1a937f240 Unloading class 0x000001d1ab648000 'me/decce/ixeris/core/shadow/classtransform/utils/annotations/AnnotationWrapper+0x000001d1ab648000'
Event: 90.134 Thread 0x000001d1a937f240 Unloading class 0x000001d1ab618400 'java/lang/invoke/LambdaForm$DMH+0x000001d1ab618400'
Event: 90.134 Thread 0x000001d1a937f240 Unloading class 0x000001d1ab618000 'java/lang/invoke/LambdaForm$DMH+0x000001d1ab618000'

Classes redefined (1 events):
Event: 75.350 Thread 0x000001d1a937f240 redefined class name=org.lwjgl.glfw.GLFW, count=1

Internal exceptions (20 events):
Event: 144.321 Thread 0x000001d27d4fb060 Exception <a 'java/lang/IllegalArgumentException'{0x00000007841cdda8}: Wrong type at constant pool index> (0x00000007841cdda8) 
thrown [s\open\src\hotspot\share\prims\jvm.cpp, line 2095]
Event: 144.321 Thread 0x000001d27d4fb060 Exception <a 'java/lang/IllegalArgumentException'{0x00000007841ce658}: Wrong type at constant pool index> (0x00000007841ce658) 
thrown [s\open\src\hotspot\share\prims\jvm.cpp, line 2095]
Event: 144.348 Thread 0x000001d279efd9d0 Exception <a 'java/lang/IllegalArgumentException'{0x000000078394a430}: Wrong type at constant pool index> (0x000000078394a430) 
thrown [s\open\src\hotspot\share\prims\jvm.cpp, line 2095]
Event: 144.348 Thread 0x000001d279efd9d0 Exception <a 'java/lang/IllegalArgumentException'{0x000000078394af88}: Wrong type at constant pool index> (0x000000078394af88) 
thrown [s\open\src\hotspot\share\prims\jvm.cpp, line 2095]
Event: 144.348 Thread 0x000001d279efd9d0 Exception <a 'java/lang/IllegalArgumentException'{0x000000078394c248}: Wrong type at constant pool index> (0x000000078394c248) 
thrown [s\open\src\hotspot\share\prims\jvm.cpp, line 2095]
Event: 144.348 Thread 0x000001d279efd9d0 Exception <a 'java/lang/IllegalArgumentException'{0x000000078394cda0}: Wrong type at constant pool index> (0x000000078394cda0) 
thrown [s\open\src\hotspot\share\prims\jvm.cpp, line 2095]
Event: 144.354 Thread 0x000001d279efd9d0 Exception <a 'java/lang/IllegalArgumentException'{0x0000000783988528}: Wrong type at constant pool index> (0x0000000783988528) 
thrown [s\open\src\hotspot\share\prims\jvm.cpp, line 2095]
Event: 144.354 Thread 0x000001d279efd9d0 Exception <a 'java/lang/IllegalArgumentException'{0x0000000783989080}: Wrong type at constant pool index> (0x0000000783989080) 
thrown [s\open\src\hotspot\share\prims\jvm.cpp, line 2095]
Event: 144.356 Thread 0x000001d279efd9d0 Exception <a 'java/lang/IllegalArgumentException'{0x000000078399ad70}: Wrong type at constant pool index> (0x000000078399ad70) 
thrown [s\open\src\hotspot\share\prims\jvm.cpp, line 2095]
Event: 144.356 Thread 0x000001d279efd9d0 Exception <a 'java/lang/IllegalArgumentException'{0x000000078399b620}: Wrong type at constant pool index> (0x000000078399b620) 
thrown [s\open\src\hotspot\share\prims\jvm.cpp, line 2095]
Event: 144.356 Thread 0x000001d279efd9d0 Exception <a 'java/lang/IllegalArgumentException'{0x000000078399ef38}: Wrong type at constant pool index> (0x000000078399ef38) 
thrown [s\open\src\hotspot\share\prims\jvm.cpp, line 2095]
Event: 144.356 Thread 0x000001d279efd9d0 Exception <a 'java/lang/IllegalArgumentException'{0x000000078399f7e8}: Wrong type at constant pool index> (0x000000078399f7e8) 
thrown [s\open\src\hotspot\share\prims\jvm.cpp, line 2095]
Event: 144.358 Thread 0x000001d279efd9d0 Exception <a 'java/lang/IllegalArgumentException'{0x00000007839b54e0}: Wrong type at constant pool index> (0x00000007839b54e0) 
thrown [s\open\src\hotspot\share\prims\jvm.cpp, line 2095]
Event: 144.358 Thread 0x000001d279efd9d0 Exception <a 'java/lang/IllegalArgumentException'{0x00000007839b5d90}: Wrong type at constant pool index> (0x00000007839b5d90) 
thrown [s\open\src\hotspot\share\prims\jvm.cpp, line 2095]
Event: 144.358 Thread 0x000001d279efd9d0 Exception <a 'java/lang/IllegalArgumentException'{0x00000007839b9640}: Wrong type at constant pool index> (0x00000007839b9640) 
thrown [s\open\src\hotspot\share\prims\jvm.cpp, line 2095]
Event: 144.358 Thread 0x000001d279efd9d0 Exception <a 'java/lang/IllegalArgumentException'{0x00000007839b9ef0}: Wrong type at constant pool index> (0x00000007839b9ef0) 
thrown [s\open\src\hotspot\share\prims\jvm.cpp, line 2095]
Event: 144.359 Thread 0x000001d279efd9d0 Exception <a 'java/lang/IllegalArgumentException'{0x00000007839c9d08}: Wrong type at constant pool index> (0x00000007839c9d08) 
thrown [s\open\src\hotspot\share\prims\jvm.cpp, line 2095]
Event: 144.359 Thread 0x000001d279efd9d0 Exception <a 'java/lang/IllegalArgumentException'{0x00000007839ca5b8}: Wrong type at constant pool index> (0x00000007839ca5b8) 
thrown [s\open\src\hotspot\share\prims\jvm.cpp, line 2095]
Event: 144.366 Thread 0x000001d279efd9d0 Exception <a 'java/lang/IllegalArgumentException'{0x00000007839d7848}: Wrong type at constant pool index> (0x00000007839d7848) 
thrown [s\open\src\hotspot\share\prims\jvm.cpp, line 2095]
Event: 144.366 Thread 0x000001d279efd9d0 Exception <a 'java/lang/IllegalArgumentException'{0x00000007839d7e50}: Wrong type at constant pool index> (0x00000007839d7e50) 
thrown [s\open\src\hotspot\share\prims\jvm.cpp, line 2095]

VM Operations (20 events):
Event: 136.796 Executing VM operation: HandshakeAllThreads
Event: 136.797 Executing VM operation: HandshakeAllThreads done
Event: 137.796 Executing VM operation: Cleanup
Event: 137.803 Executing VM operation: Cleanup done
Event: 138.016 Executing VM operation: HandshakeAllThreads
Event: 138.018 Executing VM operation: HandshakeAllThreads done
Event: 138.222 Executing VM operation: HandshakeAllThreads
Event: 138.223 Executing VM operation: HandshakeAllThreads done
Event: 138.818 Executing VM operation: G1CollectForAllocation
Event: 138.873 Executing VM operation: G1CollectForAllocation done
Event: 140.873 Executing VM operation: Cleanup
Event: 140.880 Executing VM operation: Cleanup done
Event: 140.890 Executing VM operation: HandshakeAllThreads
Event: 140.890 Executing VM operation: HandshakeAllThreads done
Event: 141.719 Executing VM operation: HandshakeAllThreads
Event: 141.721 Executing VM operation: HandshakeAllThreads done
Event: 142.744 Executing VM operation: Cleanup
Event: 142.778 Executing VM operation: Cleanup done
Event: 143.529 Executing VM operation: G1CollectForAllocation
Event: 143.626 Executing VM operation: G1CollectForAllocation done

Events (20 events):
Event: 140.197 loading class sun/util/resources/TimeZoneNames done
Event: 140.197 loading class sun/util/resources/TimeZoneNames_en
Event: 140.197 loading class sun/util/resources/TimeZoneNames_en done
Event: 140.263 loading class java/math/MathContext
Event: 140.263 loading class java/math/MathContext done
Event: 140.337 Thread 0x000001d27dc67820 Thread exited: 0x000001d27dc67820
Event: 140.695 Thread 0x000001d27d4fd3d0 Thread added: 0x000001d27d4fd3d0
Event: 141.561 Thread 0x000001d27d4fbf90 Thread added: 0x000001d27d4fbf90
Event: 141.571 Thread 0x000001d1ef9fdb20 Thread added: 0x000001d1ef9fdb20
Event: 142.546 Thread 0x000001d2774c52a0 Thread exited: 0x000001d2774c52a0
Event: 142.631 Thread 0x000001d2774c77d0 Thread added: 0x000001d2774c77d0
Event: 142.796 Thread 0x000001d1ef9fdb20 Thread exited: 0x000001d1ef9fdb20
Event: 144.296 loading class jdk/internal/reflect/UnsafeStaticBooleanFieldAccessorImpl
Event: 144.311 loading class jdk/internal/reflect/UnsafeStaticBooleanFieldAccessorImpl done
Event: 144.311 loading class jdk/internal/reflect/UnsafeStaticFloatFieldAccessorImpl
Event: 144.312 loading class jdk/internal/reflect/UnsafeStaticFloatFieldAccessorImpl done
Event: 144.312 loading class jdk/internal/reflect/UnsafeStaticIntegerFieldAccessorImpl
Event: 144.312 loading class jdk/internal/reflect/UnsafeStaticIntegerFieldAccessorImpl done
Event: 144.313 loading class jdk/internal/reflect/UnsafeStaticDoubleFieldAccessorImpl
Event: 144.313 loading class jdk/internal/reflect/UnsafeStaticDoubleFieldAccessorImpl done


Dynamic libraries:
0x00007ff61c280000 - 0x00007ff61c290000 	C:\Program Files\Java\jdk-17\bin\javaw.exe
0x00007ffac8a50000 - 0x00007ffac8c48000 	C:\WINDOWS\SYSTEM32\ntdll.dll
0x00007ffac7090000 - 0x00007ffac7152000 	C:\WINDOWS\System32\KERNEL32.DLL
0x00007ffac4f60000 - 0x00007ffac5256000 	C:\WINDOWS\System32\KERNELBASE.dll
0x00007ffac5fb0000 - 0x00007ffac60b0000 	C:\WINDOWS\System32\ucrtbase.dll
0x00007ffaa5770000 - 0x00007ffaa578b000 	C:\Program Files\Java\jdk-17\bin\VCRUNTIME140.dll
0x00007ffab6e40000 - 0x00007ffab6e59000 	C:\Program Files\Java\jdk-17\bin\jli.dll
0x00007ffac6430000 - 0x00007ffac64e1000 	C:\WINDOWS\System32\ADVAPI32.dll
0x00007ffac7de0000 - 0x00007ffac7e7e000 	C:\WINDOWS\System32\msvcrt.dll
0x00007ffac8970000 - 0x00007ffac8a0f000 	C:\WINDOWS\System32\sechost.dll
0x00007ffac6d50000 - 0x00007ffac6e70000 	C:\WINDOWS\System32\RPCRT4.dll
0x00007ffac4f30000 - 0x00007ffac4f57000 	C:\WINDOWS\System32\bcrypt.dll
0x00007ffac81e0000 - 0x00007ffac8381000 	C:\WINDOWS\System32\USER32.dll
0x00007ffac5cd0000 - 0x00007ffac5cf2000 	C:\WINDOWS\System32\win32u.dll
0x00007ffac78d0000 - 0x00007ffac78fb000 	C:\WINDOWS\System32\GDI32.dll
0x00007ffabe100000 - 0x00007ffabe39b000 	C:\WINDOWS\WinSxS\amd64_microsoft.windows.common-controls_6595b64144ccf1df_6.0.19041.6456_none_60b8a6cb71f64256\COMCTL32.dll
0x00007ffac5d00000 - 0x00007ffac5e19000 	C:\WINDOWS\System32\gdi32full.dll
0x00007ffac5260000 - 0x00007ffac52fd000 	C:\WINDOWS\System32\msvcp_win.dll
0x00007ffabf520000 - 0x00007ffabf52a000 	C:\WINDOWS\SYSTEM32\VERSION.dll
0x00007ffac7e80000 - 0x00007ffac7eaf000 	C:\WINDOWS\System32\IMM32.DLL
0x00007ffab5c30000 - 0x00007ffab5c3c000 	C:\Program Files\Java\jdk-17\bin\vcruntime140_1.dll
0x00007ffa9f010000 - 0x00007ffa9f09e000 	C:\Program Files\Java\jdk-17\bin\msvcp140.dll
0x00007ffa5a520000 - 0x00007ffa5b100000 	C:\Program Files\Java\jdk-17\bin\server\jvm.dll
0x00007ffac64f0000 - 0x00007ffac64f8000 	C:\WINDOWS\System32\PSAPI.DLL
0x00007ffab69c0000 - 0x00007ffab69e7000 	C:\WINDOWS\SYSTEM32\WINMM.dll
0x00007ffab51e0000 - 0x00007ffab51e9000 	C:\WINDOWS\SYSTEM32\WSOCK32.dll
0x00007ffac7750000 - 0x00007ffac77bb000 	C:\WINDOWS\System32\WS2_32.dll
0x00007ffac3540000 - 0x00007ffac3552000 	C:\WINDOWS\SYSTEM32\kernel.appcore.dll
0x00007ffaa6230000 - 0x00007ffaa623a000 	C:\Program Files\Java\jdk-17\bin\jimage.dll
0x00007ffabaad0000 - 0x00007ffabacd1000 	C:\WINDOWS\SYSTEM32\DBGHELP.DLL
0x00007ffab7630000 - 0x00007ffab7664000 	C:\WINDOWS\SYSTEM32\dbgcore.DLL
0x00007ffac5e70000 - 0x00007ffac5ef2000 	C:\WINDOWS\System32\bcryptPrimitives.dll
0x00007ffa9edd0000 - 0x00007ffa9edf5000 	C:\Program Files\Java\jdk-17\bin\java.dll
0x00007ffa9a4f0000 - 0x00007ffa9a5c7000 	C:\Program Files\Java\jdk-17\bin\jsvml.dll
0x00007ffac65e0000 - 0x00007ffac6d50000 	C:\WINDOWS\System32\SHELL32.dll
0x00007ffac5520000 - 0x00007ffac5cc5000 	C:\WINDOWS\System32\windows.storage.dll
0x00007ffac60b0000 - 0x00007ffac6404000 	C:\WINDOWS\System32\combase.dll
0x00007ffac4f00000 - 0x00007ffac4f2b000 	C:\WINDOWS\System32\Wldp.dll
0x00007ffac7f10000 - 0x00007ffac7fdd000 	C:\WINDOWS\System32\OLEAUT32.dll
0x00007ffac7820000 - 0x00007ffac78cd000 	C:\WINDOWS\System32\SHCORE.dll
0x00007ffac7eb0000 - 0x00007ffac7f0b000 	C:\WINDOWS\System32\shlwapi.dll
0x00007ffac4e30000 - 0x00007ffac4e54000 	C:\WINDOWS\SYSTEM32\profapi.dll
0x00007ffa9edb0000 - 0x00007ffa9edc9000 	C:\Program Files\Java\jdk-17\bin\net.dll
0x00007ffabf920000 - 0x00007ffabfa2a000 	C:\WINDOWS\SYSTEM32\WINHTTP.dll
0x00007ffac4580000 - 0x00007ffac45ea000 	C:\WINDOWS\system32\mswsock.dll
0x00007ffa9ed90000 - 0x00007ffa9eda6000 	C:\Program Files\Java\jdk-17\bin\nio.dll
0x00007ffa9ed70000 - 0x00007ffa9ed88000 	C:\Program Files\Java\jdk-17\bin\zip.dll
0x00007ffaa3000000 - 0x00007ffaa3010000 	C:\Program Files\Java\jdk-17\bin\verify.dll
0x00007ffa9f190000 - 0x00007ffa9f19a000 	C:\Program Files\Java\jdk-17\bin\management.dll
0x00007ffa9c950000 - 0x00007ffa9c95b000 	C:\Program Files\Java\jdk-17\bin\management_ext.dll
0x00007ffaa7b60000 - 0x00007ffaa7b77000 	C:\WINDOWS\system32\napinsp.dll
0x00007ffaa7b40000 - 0x00007ffaa7b5b000 	C:\WINDOWS\system32\pnrpnsp.dll
0x00007ffaa7b20000 - 0x00007ffaa7b3d000 	C:\WINDOWS\system32\wshbth.dll
0x00007ffac0990000 - 0x00007ffac09ad000 	C:\WINDOWS\system32\NLAapi.dll
0x00007ffac4290000 - 0x00007ffac42cb000 	C:\WINDOWS\SYSTEM32\IPHLPAPI.DLL
0x00007ffac42d0000 - 0x00007ffac439a000 	C:\WINDOWS\SYSTEM32\DNSAPI.dll
0x00007ffac6ed0000 - 0x00007ffac6ed8000 	C:\WINDOWS\System32\NSI.dll
0x00007ffaa7b00000 - 0x00007ffaa7b12000 	C:\WINDOWS\System32\winrnr.dll
0x00007ffabeb60000 - 0x00007ffabeb6a000 	C:\Windows\System32\rasadhlp.dll
0x00007ffabed20000 - 0x00007ffabeda0000 	C:\WINDOWS\System32\fwpuclnt.dll
0x00007ffa888c0000 - 0x00007ffa88935000 	C:\Users\Administrator\Desktop\ctam\.minecraft\versions\jcy_mc\jcy_mc-natives\lwjgl.dll
0x00007ffa88290000 - 0x00007ffa882f1000 	C:\Users\Administrator\Desktop\ctam\.minecraft\versions\jcy_mc\jcy_mc-natives\glfw.dll
0x00007ffa9b6f0000 - 0x00007ffa9b735000 	C:\WINDOWS\SYSTEM32\dinput8.dll
0x00007ffaa5790000 - 0x00007ffaa57a1000 	C:\WINDOWS\SYSTEM32\xinput1_4.dll
0x00007ffac5e20000 - 0x00007ffac5e6e000 	C:\WINDOWS\System32\cfgmgr32.dll
0x00007ffac4bb0000 - 0x00007ffac4be3000 	C:\WINDOWS\SYSTEM32\DEVOBJ.dll
0x00007ffac3140000 - 0x00007ffac316e000 	C:\WINDOWS\SYSTEM32\dwmapi.dll
0x00007ffab9e90000 - 0x00007ffab9fe2000 	C:\WINDOWS\SYSTEM32\inputhost.dll
0x00007ffac2760000 - 0x00007ffac2854000 	C:\WINDOWS\SYSTEM32\PROPSYS.dll
0x00007ffac1d20000 - 0x00007ffac1e77000 	C:\WINDOWS\SYSTEM32\wintypes.dll
0x00007ffac2300000 - 0x00007ffac265b000 	C:\WINDOWS\SYSTEM32\CoreUIComponents.dll
0x00007ffac2660000 - 0x00007ffac2752000 	C:\WINDOWS\SYSTEM32\CoreMessaging.dll
0x00007ffac4120000 - 0x00007ffac4153000 	C:\WINDOWS\SYSTEM32\ntmarta.dll
0x00007ffac3000000 - 0x00007ffac309e000 	C:\WINDOWS\system32\uxtheme.dll
0x00007ffac75d0000 - 0x00007ffac76e5000 	C:\WINDOWS\System32\MSCTF.dll
0x00007ffa88430000 - 0x00007ffa88558000 	C:\WINDOWS\SYSTEM32\opengl32.dll
0x00007ffa9f130000 - 0x00007ffa9f15c000 	C:\WINDOWS\SYSTEM32\GLU32.dll
0x00007ffac83a0000 - 0x00007ffac8449000 	C:\WINDOWS\System32\clbcatq.dll
0x00007ffa599d0000 - 0x00007ffa5a514000 	C:\WINDOWS\SYSTEM32\ig75icd64.dll
0x00007ffabae90000 - 0x00007ffabb8cf000 	C:\WINDOWS\SYSTEM32\igdusc64.dll
0x00007ffac0ba0000 - 0x00007ffac0bb4000 	C:\WINDOWS\SYSTEM32\WTSAPI32.dll
0x00007ffabd2a0000 - 0x00007ffabd2db000 	C:\WINDOWS\SYSTEM32\dxcore.dll
0x00007ffac4d60000 - 0x00007ffac4dab000 	C:\WINDOWS\SYSTEM32\powrprof.dll
0x00007ffac4d40000 - 0x00007ffac4d52000 	C:\WINDOWS\SYSTEM32\UMPDC.dll
0x00007ffac3780000 - 0x00007ffac3876000 	C:\WINDOWS\SYSTEM32\dxgi.dll
0x00007ffac1300000 - 0x00007ffac1564000 	C:\WINDOWS\SYSTEM32\d3d11.dll
0x00007ffabb940000 - 0x00007ffabc899000 	C:\WINDOWS\SYSTEM32\igd10iumd64.dll
0x00007ffac4800000 - 0x00007ffac4827000 	C:\WINDOWS\SYSTEM32\ncrypt.dll
0x00007ffac2b70000 - 0x00007ffac2c04000 	C:\WINDOWS\SYSTEM32\apphelp.dll
0x00007ffac47c0000 - 0x00007ffac47fb000 	C:\WINDOWS\SYSTEM32\NTASN1.dll
0x00007ffa60e90000 - 0x00007ffa610e9000 	C:\Users\Administrator\Desktop\ctam\.minecraft\versions\jcy_mc\jcy_mc-natives\jemalloc.dll
0x00007ffab9ff0000 - 0x00007ffaba0e9000 	C:\WINDOWS\SYSTEM32\textinputframework.dll
0x00007ffa9afb0000 - 0x00007ffa9b00d000 	C:\Users\Administrator\Desktop\ctam\.minecraft\versions\jcy_mc\jcy_mc-natives\lwjgl_opengl.dll
0x00007ffa83d30000 - 0x00007ffa83db1000 	C:\Users\Administrator\Desktop\ctam\.minecraft\versions\jcy_mc\jcy_mc-natives\lwjgl_stb.dll
0x00007ffac4b10000 - 0x00007ffac4b28000 	C:\WINDOWS\SYSTEM32\CRYPTSP.dll
0x00007ffac3ed0000 - 0x00007ffac3f08000 	C:\WINDOWS\system32\rsaenh.dll
0x00007ffac4db0000 - 0x00007ffac4dde000 	C:\WINDOWS\SYSTEM32\USERENV.dll
0x00007ffac4710000 - 0x00007ffac471c000 	C:\WINDOWS\SYSTEM32\CRYPTBASE.dll
0x00007ffac0620000 - 0x00007ffac0637000 	C:\WINDOWS\SYSTEM32\dhcpcsvc6.DLL
0x00007ffac0600000 - 0x00007ffac061d000 	C:\WINDOWS\SYSTEM32\dhcpcsvc.DLL
0x00007ffa9c690000 - 0x00007ffa9c69e000 	C:\Program Files\Java\jdk-17\bin\sunmscapi.dll
0x00007ffac5300000 - 0x00007ffac545d000 	C:\WINDOWS\System32\CRYPT32.dll
0x00007ffa9c910000 - 0x00007ffa9c950000 	C:\Users\Administrator\Desktop\ctam\.minecraft\versions\jcy_mc\jcy_mc-natives\jna13528676672834192339.dll
0x00007ffac6f60000 - 0x00007ffac708b000 	C:\WINDOWS\System32\Ole32.dll
0x00007ffab7850000 - 0x00007ffab786f000 	C:\WINDOWS\SYSTEM32\amsi.dll
0x00007ffa9c900000 - 0x00007ffa9c90e000 	C:\Program Files\Java\jdk-17\bin\instrument.dll
0x00007ffaa7d60000 - 0x00007ffaa7d67000 	C:\WINDOWS\system32\wshunix.dll
0x00007ffac2b10000 - 0x00007ffac2b61000 	C:\WINDOWS\SYSTEM32\Pdh.dll
0x00007ffabecc0000 - 0x00007ffabeccf000 	C:\WINDOWS\System32\perfos.dll
0x00007ffac7fe0000 - 0x00007ffac81d2000 	C:\WINDOWS\System32\urlmon.dll
0x00007ffac7160000 - 0x00007ffac741f000 	C:\WINDOWS\System32\iertutil.dll
0x00007ffac5f00000 - 0x00007ffac5f28000 	C:\WINDOWS\System32\srvcli.dll
0x00007ffac5460000 - 0x00007ffac546c000 	C:\WINDOWS\System32\netutils.dll
0x00007ffa56e50000 - 0x00007ffa56fe1000 	C:\Program Files\Java\jdk-17\bin\awt.dll
0x00007ffabdd20000 - 0x00007ffabddce000 	C:\WINDOWS\SYSTEM32\mscms.dll
0x00007ffabe530000 - 0x00007ffabe541000 	C:\WINDOWS\SYSTEM32\ColorAdapterClient.dll
0x00007ffa9a1e0000 - 0x00007ffa9a225000 	C:\WINDOWS\SYSTEM32\icm32.dll

dbghelp: loaded successfully - version: 4.0.5 - missing functions: none
symbol engine: initialized successfully - sym options: 0x614 - pdb path: .;C:\Program Files\Java\jdk-17\bin;C:\WINDOWS\SYSTEM32;C:\WINDOWS\WinSxS\amd64_microsoft.windows.common-controls_6595b64144ccf1df_6.0.19041.6456_none_60b8a6cb71f64256;C:\Program Files\Java\jdk-17\bin\server;C:\Users\Administrator\Desktop\ctam\.minecraft\versions\jcy_mc\jcy_mc-natives

VM Arguments:
jvm_args: -Dstderr.encoding=UTF-8 -Dstdout.encoding=UTF-8 -XX:+UseG1GC -XX:-UseAdaptiveSizePolicy -XX:-OmitStackTraceInFastThrow -Djdk.lang.Process.allowAmbiguousCommands=true -Dfml.ignoreInvalidMinecraftCertificates=True -Dfml.ignorePatchDiscrepancies=True -Dlog4j2.formatMsgNoLookups=true -XX:HeapDumpPath=MojangTricksIntelDriversForPerformance_javaw.exe_minecraft.exe.heapdump -Djava.library.path=C:\Users\Administrator\Desktop\ctam\.minecraft\versions\jcy_mc\jcy_mc-natives -Djna.tmpdir=C:\Users\Administrator\Desktop\ctam\.minecraft\versions\jcy_mc\jcy_mc-natives -Dorg.lwjgl.system.SharedLibraryExtractPath=C:\Users\Administrator\Desktop\ctam\.minecraft\versions\jcy_mc\jcy_mc-natives -Dio.netty.native.workdir=C:\Users\Administrator\Desktop\ctam\.minecraft\versions\jcy_mc\jcy_mc-natives -Dminecraft.launcher.brand=PCLCE -Dminecraft.launcher.version=522 -Djava.net.preferIPv6Addresses=system -DignoreList=bootstraplauncher,securejarhandler,asm-commons,asm-util,asm-analysis,asm-tree,asm,JarJarFileSystems,client-extra,fmlcore,javafmllanguage,lowcodelanguage,mclanguage,forge-,jcy_mc.jar -DmergeModules=jna-5.10.0.jar,jna-platform-5.10.0.jar -DlibraryDirectory=C:\Users\Administrator\Desktop\ctam\.minecraft\libraries --module-path=C:\Users\Administrator\Desktop\ctam\.minecraft\libraries/cpw/mods/bootstraplauncher/1.1.2/bootstraplauncher-1.1.2.jar;C:\Users\Administrator\Desktop\ctam\.minecraft\libraries/cpw/mods/securejarhandler/2.1.10/securejarhandler-2.1.10.jar;C:\Users\Administrator\Desktop\ctam\.minecraft\libraries/org/ow2/asm/asm-commons/9.9.1/asm-commons-9.9.1.jar;C:\Users\Administrator\Desktop\ctam\.minecraft\libraries/org/ow2/asm/asm-util/9.9.1/asm-util-9.9.1.jar;C:\Users\Administrator\Desktop\ctam\.minecraft\libraries/org/ow2/asm/asm-analysis/9.9.1/asm-analysis-9.9.1.jar;C:\Users\Administrator\Desktop\ctam\.minecraft\libraries/org/ow2/asm/asm-tree/9.9.1/asm-tree-9.9.1.jar;C:\Users\Administrator\Desktop\ctam\.minecraft\libraries/org/ow2/asm/asm/9.9.1/asm-9.9.1.jar;C:\Users\Administrator\Desktop\ctam\.minecraft\libraries/net/minecraftforge/JarJarFileSystems/0.3.19/JarJarFileSystems-0.3.19.jar --add-modules=ALL-MODULE-PATH --add-opens=java.base/java.util.jar=cpw.mods.securejarhandler --add-opens=java.base/java.lang.invoke=cpw.mods.securejarhandler --add-exports=java.base/sun.security.util=cpw.mods.securejarhandler --add-exports=jdk.naming.dns/com.sun.jndi.dns=java.naming -Xmn460m -Xmx3072m 
java_command: cpw.mods.bootstraplauncher.BootstrapLauncher --username JCY_mc --version jcy_mc --gameDir C:\Users\Administrator\Desktop\ctam\.minecraft\versions\jcy_mc --assetsDir C:\Users\Administrator\Desktop\ctam\.minecraft\assets --assetIndex 5 --uuid 548a7f35fb4b3897bb84941d0fa9426a --accessToken 548a7f35fb4b3897bb84941d0fa9426a --clientId ${clientid} --xuid ${auth_xuid} --userType msa --versionType PCL_CE --width 854 --height 480 --launchTarget forgeclient --fml.forgeVersion 47.4.18 --fml.mcVersion 1.20.1 --fml.forgeGroup net.minecraftforge --fml.mcpVersion 20230612.114412
java_class_path (initial): C:\Users\Administrator\Desktop\ctam\.minecraft\libraries\com\github\oshi\oshi-core\6.2.2\oshi-core-6.2.2.jar;C:\Users\Administrator\Desktop\ctam\.minecraft\libraries\com\google\code\gson\gson\2.10\gson-2.10.jar;C:\Users\Administrator\Desktop\ctam\.minecraft\libraries\com\google\guava\failureaccess\1.0.1\failureaccess-1.0.1.jar;C:\Users\Administrator\Desktop\ctam\.minecraft\libraries\com\google\guava\guava\31.1-jre\guava-31.1-jre.jar;C:\Users\Administrator\Desktop\ctam\.minecraft\libraries\com\ibm\icu\icu4j\71.1\icu4j-71.1.jar;C:\Users\Administrator\Desktop\ctam\.minecraft\libraries\com\mojang\authlib\4.0.43\authlib-4.0.43.jar;C:\Users\Administrator\Desktop\ctam\.minecraft\libraries\com\mojang\blocklist\1.0.10\blocklist-1.0.10.jar;C:\Users\Administrator\Desktop\ctam\.minecraft\libraries\com\mojang\brigadier\1.1.8\brigadier-1.1.8.jar;C:\Users\Administrator\Desktop\ctam\.minecraft\libraries\com\mojang\datafixerupper\6.0.8\datafixerupper-6.0.8.jar;C:\Users\Administrator\Desktop\ctam\.minecraft\libraries\com\mojang\logging\1.1.1\logging-1.1.1.jar;C:\Users\Administrator\Desktop\ctam\.minecraft\libraries\com\mojang\patchy\2.2.10\patchy-2.2.10.jar;C:\Users\Administrator\Desktop\ctam\.minecraft\libraries\com\mojang\text2speech\1.17.9\text2speech-1.17.9.jar;C:\Users\Administrator\Desktop\ctam\.minecraft\libraries\commons-codec\commons-codec\1.15\commons-codec-1.15.jar;C:\Users\Administrator\Desktop\ctam\.minecraft\libraries\commons-io\commons-io\2.11.0\commons-io-2.11.0.jar;C:\Users\Administrator\Desktop\ctam\.minecraft\libraries\commons-logging\commons-logging\1.2\commons-logging-1.2.jar;C:\Users\Administrator\Desktop\ctam\.minecraft\libraries\io\netty\netty-buffer\4.1.82.Final\netty-buffer-4.1.82.Final.jar;C:\Users\Administrator\Desktop\ctam\.minecraft\libraries\io\netty\netty-codec\4.1.82.Final\netty-codec-4.1.82.Final.jar;C:\Users\Administrator\Desktop\ctam\.minecraft\libraries\io\netty\netty-common\4.1.82.Final\netty-common-4.1.82.Final.jar;C
Launcher Type: SUN_STANDARD

[Global flags]
     intx CICompilerCount                          = 3                                         {product} {ergonomic}
     uint ConcGCThreads                            = 1                                         {product} {ergonomic}
     uint G1ConcRefinementThreads                  = 4                                         {product} {ergonomic}
   size_t G1HeapRegionSize                         = 2097152                                   {product} {ergonomic}
    uintx GCDrainStackTargetSize                   = 64                                        {product} {ergonomic}
    ccstr HeapDumpPath                             = MojangTricksIntelDriversForPerformance_javaw.exe_minecraft.exe.heapdump         {manageable} {command line}
   size_t InitialHeapSize                          = 488636416                                 {product} {ergonomic}
   size_t MarkStackSize                            = 4194304                                   {product} {ergonomic}
   size_t MaxHeapSize                              = 3221225472                                {product} {command line}
   size_t MaxNewSize                               = 482344960                                 {product} {command line}
   size_t MinHeapDeltaBytes                        = 2097152                                   {product} {ergonomic}
   size_t MinHeapSize                              = 488636416                                 {product} {ergonomic}
   size_t NewSize                                  = 482344960                                 {product} {command line}
    uintx NonNMethodCodeHeapSize                   = 5832780                                {pd product} {ergonomic}
    uintx NonProfiledCodeHeapSize                  = 122912730                              {pd product} {ergonomic}
     bool OmitStackTraceInFastThrow                = false                                     {product} {command line}
    uintx ProfiledCodeHeapSize                     = 122912730                              {pd product} {ergonomic}
    uintx ReservedCodeCacheSize                    = 251658240                              {pd product} {ergonomic}
     bool SegmentedCodeCache                       = true                                      {product} {ergonomic}
   size_t SoftMaxHeapSize                          = 3221225472                             {manageable} {ergonomic}
     bool UseAdaptiveSizePolicy                    = false                                     {product} {command line}
     bool UseCompressedClassPointers               = true                           {product lp64_product} {ergonomic}
     bool UseCompressedOops                        = true                           {product lp64_product} {ergonomic}
     bool UseG1GC                                  = true                                      {product} {command line}
     bool UseLargePagesIndividualAllocation        = false                                  {pd product} {ergonomic}

Logging:
Log output configuration:
 #0: stdout all=warning uptime,level,tags
 #1: stderr all=off uptime,level,tags

Environment Variables:
PATH=C:\Program Files (x86)\Intel\Intel(R) Management Engine Components\iCLS\;C:\Program Files\Intel\Intel(R) Management Engine Components\iCLS\;C:\Program Files\Common Files\Oracle\Java\javapath;C:\Program Files (x86)\Common Files\Oracle\Java\java8path;C:\Program Files (x86)\Common Files\Oracle\Java\javapath;C:\WINDOWS\system32;C:\WINDOWS;C:\WINDOWS\System32\Wbem;C:\WINDOWS\System32\WindowsPowerShell\v1.0\;C:\WINDOWS\System32\OpenSSH\;C:\Program Files (x86)\Intel\Intel(R) Management Engine Components\DAL;C:\Program Files\Intel\Intel(R) Management Engine Components\DAL;C:\Program Files (x86)\Intel\Intel(R) Management Engine Components\IPT;C:\Program Files\Intel\Intel(R) Management Engine Components\IPT;C:\Program Files\dotnet\;C:\Users\Administrator\AppData\Local\Programs\Python\Python313\Scripts\;C:\Users\Administrator\AppData\Local\Programs\Python\Python313\;C:\Users\Administrator\AppData\Local\Programs\Python\Python38\Scripts\;C:\Users\Administrator\AppData\Local\Programs\Python\Python38\;C:\Users\Administrator\AppData\Local\Microsoft\WindowsApps;C:\Users\Administrator\.dotnet\tools;C:\Users\Administrator\AppData\Local\Programs\Microsoft VS Code\bin;C:\Users\Administrator\AppData\Local\JetBrains\Toolbox\scripts;C:\Users\Administrator\AppData\Local\PowerToys\DSCModules\;C:\Program Files\Java\jdk-17\bin
USERNAME=Administrator
OS=Windows_NT
PROCESSOR_IDENTIFIER=Intel64 Family 6 Model 60 Stepping 3, GenuineIntel



---------------  S Y S T E M  ---------------

OS:
 Windows 10 , 64 bit Build 19041 (10.0.19041.5915)
OS uptime: 0 days 19:57 hours
Hyper-V role detected

CPU: total 4 (initial active 4) (4 cores per cpu, 1 threads per core) family 6 model 60 stepping 3 microcode 0x27, cx8, cmov, fxsr, mmx, sse, sse2, sse3, ssse3, sse4.1, sse4.2, popcnt, lzcnt, tsc, tscinvbit, avx, avx2, aes, erms, clmul, bmi1, bmi2, fma, vzeroupper, clflush, hv

Memory: 4k page, system-wide physical 8087M (2237M free)
TotalPageFile size 21399M (AvailPageFile size 9121M)
current process WorkingSet (physical memory assigned to process): 1606M, peak: 1606M
current process commit charge ("private bytes"): 1690M, peak: 1690M

vm_info: Java HotSpot(TM) 64-Bit Server VM (17.0.12+8-LTS-286) for windows-amd64 JRE (17.0.12+8-LTS-286), built on Jun  5 2024 06:46:59 by "mach5one" with MS VC++ 17.6 (VS2022)

END.
